CLS,BKC,Region,DM,Critical,DeviceName,IPAddress,Status,LastOnline,DaysOffline
101,10816,8,Mark Hopkins,Warning,Inside DMB-3,10.116.64.4,Offline,05/02/2023 16:47:10,10
101,10816,8,Mark Hopkins,Warning,Lane-1 Disp-1,10.122.64.8,Offline,04/07/2023 15:36:50,35
101,10816,8,Mark Hopkins,Warning,OCU-1,10.122.64.9,Offline,04/07/2023 15:36:50,35
101,10816,8,Mark Hopkins,Warning,Lane-1 Disp-3,10.122.64.10,Offline,04/07/2023 15:36:50,35
105,7370,8,Mark Hopkins,Warning,VF-1,10.115.64.153,Offline,01/25/2023 15:37:58,107
113,16026,8,Michelle Weiss,Warning,Lane-1 Disp-3,10.122.65.138,Offline,08/27/2022 15:35:58,258
119,2243,8,Connie Dicus,Warning,OCU-1,10.122.66.73,Offline,01/24/2023 15:37:57,108
120,1264,8,Connie Dicus,Warning,PHU Main-1,10.116.66.106,Offline,05/12/2023 16:29:17,0
132,8547,8,Dawn Watts,Warning,Inside DMB-2,10.116.67.227,Offline,05/08/2023 15:36:56,4
133,12490,8,Aron Deckard,Warning,PHU Main-1,10.116.68.10,Offline,03/19/2023 16:48:33,54
133,12490,8,Aron Deckard,Warning,PHU Main-2,10.116.68.11,Offline,02/09/2023 15:37:05,92
136,9710,8,Dawn Watts,Warning,Inside DMB-3,10.116.68.100,Offline,05/06/2023 16:37:45,6
142,11911,14,Tom Barlow,Warning,Chef,10.116.69.52,Offline,05/07/2023 15:44:16,5
142,11911,14,Tom Barlow,Warning,PHU Spec-1,10.116.69.53,Offline,05/10/2023 15:43:48,2
142,11911,14,Tom Barlow,Warning,PHU Spec-2,10.116.69.54,Offline,05/10/2023 15:43:48,2
142,11911,14,Tom Barlow,Warning,VF-4,10.115.69.58,Offline,05/12/2023 15:42:52,0
143,6479,14,Ryan Richmond,Warning,PHU Spec-2,10.116.69.86,Offline,05/10/2023 15:44:04,2
145,17537,14,Ron Richmond,Warning,PHU Main-2,10.116.69.139,Offline,08/31/2022 15:38:42,254
146,2722,14,Timothy Courtney,Warning,PHU Main-2,10.116.69.171,Offline,02/26/2023 15:44:46,75
146,2722,14,Timothy Courtney,Warning,PHU Spec-2,10.116.69.182,Offline,05/12/2023 16:41:38,0
148,16822,14,Angel Martin,Warning,Inside DMB-2,10.116.69.227,Offline,04/27/2023 10:42:37,16
150,7117,14,Tron Watts,Warning,PHU Spec-1,10.116.70.53,Offline,05/12/2023 16:26:07,1
150,7117,14,Tron Watts,Warning,PHU Spec-2,10.116.70.54,Offline,05/12/2023 16:26:07,1
154,4320,14,Ron Richmond,Warning,Inside DMB-4,10.116.70.165,Offline,04/14/2023 16:51:42,28
154,4320,14,Ron Richmond,Warning,Lane-1 Disp-1,10.122.70.168,Offline,04/26/2023 15:40:38,16
154,4320,14,Ron Richmond,Warning,OCU-1,10.122.70.169,Offline,04/26/2023 15:40:38,16
154,4320,14,Ron Richmond,Warning,Lane-1 Disp-3,10.122.70.170,Offline,04/26/2023 15:40:38,16
154,4320,14,Ron Richmond,Warning,POS-1,10.115.70.163,Offline,05/07/2023 14:43:33,5
157,13218,14,Timothy Courtney,Warning,Inside DMB-2,10.116.71.3,Offline,03/27/2023 16:50:04,46
157,13218,14,Timothy Courtney,Warning,Inside DMB-4,10.116.71.5,Offline,04/25/2023 15:40:03,17
157,13218,14,Timothy Courtney,Warning,Lane-1 Disp-1,10.122.71.8,Offline,07/10/2022 16:36:39,306
157,13218,14,Timothy Courtney,Warning,POS-6,10.115.71.8,Offline,04/04/2023 15:48:53,38
157,13218,14,Timothy Courtney,Warning,VF-6,10.115.71.29,Offline,04/04/2023 15:48:53,38
158,7153,14,Ryan Richmond,Warning,Inside DMB-2,10.116.71.35,Offline,04/21/2023 16:53:28,21
159,6975,14,Ryan Richmond,Warning,Lane-1 Disp-3,10.122.71.74,Offline,05/08/2023 15:39:00,4
161,3940,14,Ryan Richmond,Warning,Lane-1 Disp-3,10.122.71.138,Offline,11/16/2022 15:40:06,177
162,7282,14,Tron Watts,Warning,Inside DMB-3,10.116.71.164,Offline,03/30/2023 15:43:58,43
162,7282,14,Tron Watts,Warning,OCU-1,10.122.71.169,Offline,04/12/2023 16:48:37,30
163,12357,14,Tron Watts,Warning,Inside DMB-4,10.116.71.197,Offline,06/27/2022 15:41:26,319
163,12357,14,Tron Watts,Warning,VF-3,10.115.71.221,Offline,01/18/2023 14:43:02,114
167,2150,11,Doug Hicks,Warning,Lane-1 Disp-1,10.122.63.136,Offline,12/16/2022 15:38:44,147
170,4049,11,Doug Hicks,Warning,PHU Main-1,10.116.73.10,Offline,04/11/2023 15:41:55,31
176,5911,11,Alecia Morning,Warning,Inside DMB-4,10.116.73.197,Offline,05/08/2023 15:41:54,4
179,6601,7,Rebecca Swisher,Warning,PHU Main-2,10.116.74.43,Offline,05/05/2023 15:44:47,7
179,6601,7,Rebecca Swisher,Warning,PHU Spec-1,10.116.74.53,Offline,05/05/2023 15:44:47,7
179,6601,7,Rebecca Swisher,Warning,PHU Spec-2,10.116.74.54,Offline,05/05/2023 15:44:47,7
179,6601,7,Rebecca Swisher,Warning,Inside DMB-3,10.116.74.36,Offline,04/19/2023 15:44:47,23
182,7193,11,Alecia Morning,Warning,Lane-1 Disp-1,10.122.74.136,Offline,04/29/2023 16:50:16,13
182,7193,11,Alecia Morning,Warning,OCU-1,10.122.74.137,Offline,04/29/2023 16:50:16,13
182,7193,11,Alecia Morning,Warning,Lane-1 Disp-3,10.122.74.138,Offline,04/29/2023 16:50:16,13
183,7214,11,Doug Hicks,Warning,PHU Main-2,10.116.74.171,Offline,03/04/2023 18:25:42,69
185,7617,11,Doug Hicks,Warning,Inside DMB-3,10.116.74.228,Offline,05/12/2023 16:38:28,0
187,8541,11,Alecia Morning,Warning,PHU Main-1,10.116.75.42,Offline,01/05/2023 17:42:02,127
190,12247,11,Doug Hicks,Warning,PHU Main-1,10.116.75.138,Offline,04/28/2023 16:43:34,14
190,12247,11,Doug Hicks,Warning,Lane-1 Disp-3,10.122.75.138,Offline,06/04/2022 15:39:18,343
190,12247,11,Doug Hicks,Warning,POS-1,10.115.75.131,Offline,04/21/2023 16:52:40,21
193,16251,11,Nate Williams,Warning,PHU Spec-2,10.116.75.246,Offline,03/07/2023 18:23:51,66
202,532,9,Jim Jensen,Warning,POS-6,10.115.1.8,Offline,05/03/2023 15:46:31,9
203,1513,11,Rebecca Roberson,Warning,PHU Main-2,10.116.1.43,Offline,04/25/2023 15:45:10,17
204,1573,9,Sam Samal,Warning,PHU Main-1,10.116.1.74,Offline,10/23/2022 15:37:35,202
215,5080,9,Tina Stone,Warning,POS-6,10.115.2.72,Offline,02/27/2023 16:49:20,74
215,5080,9,Tina Stone,Warning,VF-6,10.115.2.89,Offline,02/27/2023 16:49:20,74
219,6405,9,Jim Jensen,Warning,PHU Main-2,10.116.2.139,Offline,03/31/2023 15:45:15,42
223,755,7,Aaron Weller,Warning,PHU Spec-1,10.116.2.245,Offline,05/11/2023 16:52:35,1
223,755,7,Aaron Weller,Warning,PHU Spec-2,10.116.2.246,Offline,05/11/2023 16:52:35,1
229,7119,7,Rebecca Swisher,Warning,Inside DMB-2,10.116.3.99,Offline,04/18/2023 16:56:01,24
230,8714,7,Rebecca Swisher,Warning,PHU Spec-2,10.116.3.150,Offline,05/08/2023 15:31:01,4
230,8714,7,Rebecca Swisher,Warning,Inside DMB-4,10.116.3.133,Offline,03/17/2023 17:05:27,56
231,9152,7,Rebecca Swisher,Warning,PHU Main-1,10.116.3.170,Offline,08/22/2022 16:44:15,263
231,9152,7,Rebecca Swisher,Warning,Inside DMB-3,10.116.3.164,Offline,03/29/2023 16:44:36,44
231,9152,7,Rebecca Swisher,Warning,Inside DMB-4,10.116.3.165,Offline,03/26/2023 15:40:36,47
231,9152,7,Rebecca Swisher,Warning,VF-1,10.115.3.187,Offline,05/11/2023 16:53:01,1
234,11068,9,Tina Stone,Warning,PHU Main-1,10.116.4.42,Offline,05/10/2023 15:44:34,2
234,11068,9,Tina Stone,Warning,PHU Main-2,10.116.4.43,Offline,05/11/2023 16:55:56,1
234,11068,9,Tina Stone,Warning,PHU Spec-2,10.116.4.54,Offline,05/10/2023 15:44:34,2
234,11068,9,Tina Stone,Warning,Inside DMB-2,10.116.4.35,Offline,03/11/2023 16:54:41,62
234,11068,9,Tina Stone,Warning,KC-3,10.115.4.50,Offline,04/13/2023 16:57:56,29
238,6073,9,Jim Jensen,Warning,Lane-1 Disp-1,10.122.4.136,Offline,12/02/2022 15:45:11,161
238,6073,9,Jim Jensen,Warning,OCU-1,10.122.4.137,Offline,12/02/2022 15:45:11,161
238,6073,9,Jim Jensen,Warning,Lane-1 Disp-3,10.122.4.138,Offline,12/02/2022 15:45:11,161
238,6073,9,Jim Jensen,Warning,VF-1,10.115.4.153,Offline,04/20/2023 15:49:25,22
250,1641,3,Michael Wheeler,Warning,OCU-1,10.122.4.169,Offline,04/30/2023 16:49:32,12
252,1654,2,Cindy Kahler,Warning,Inside DMB-4,10.116.4.197,Offline,03/03/2023 18:23:53,70
260,1815,2,Shannon Furman,Critical,POS-3,10.115.5.37,Offline,05/02/2023 16:53:58,10
260,1815,2,Shannon Furman,Warning,VF-3,10.115.5.59,Offline,05/02/2023 16:53:58,10
261,9760,3,Michael Wheeler,Warning,Inside DMB-4,10.116.5.69,Offline,05/07/2023 15:44:03,5
261,9760,3,Michael Wheeler,Warning,OCU-1,10.122.5.73,Offline,05/12/2023 16:40:51,0
261,9760,3,Michael Wheeler,Warning,Lane-1 Disp-3,10.122.5.74,Offline,02/15/2023 16:51:13,86
270,1780,3,Ray Haas,Warning,PHU Spec-2,10.116.5.150,Offline,04/23/2023 15:46:05,19
275,2384,3,Matthew Brown,Warning,Drive-Thru Director,10.116.5.208,Offline,05/07/2023 15:42:30,5
279,1947,3,Mike Abrams,Warning,Lane-1 Disp-3,10.122.6.10,Offline,05/02/2023 16:53:46,10
280,2184,3,Matthew Brown,Warning,Lane-1 Disp-1,10.122.6.40,Offline,04/17/2023 16:54:38,25
289,1880,3,Chris Lesher,Warning,Inside DMB-3,10.116.6.132,Offline,05/03/2023 15:43:07,9
300,2033,2,Eric Rumpf,Warning,POS-3,10.115.7.165,Offline,05/11/2023 16:42:35,1
300,2033,2,Eric Rumpf,Warning,VF-3,10.115.7.186,Offline,01/26/2023 15:32:42,106
304,2042,3,Michael Wheeler,Warning,Chef,10.116.8.84,Offline,05/05/2023 15:49:39,7
307,2019,2,Kristin Miller,Warning,Inside DMB-2,10.116.8.163,Offline,02/08/2023 16:53:12,93
307,2019,2,Kristin Miller,Warning,POS-6,10.115.8.168,Offline,03/28/2023 16:57:45,45
307,2019,2,Kristin Miller,Warning,VF-6,10.115.8.187,Offline,03/28/2023 16:57:45,45
311,2041,10,Scott Cogley,Warning,Chef,10.116.9.52,Offline,05/06/2023 15:47:58,6
320,14497,2,Shannon Furman,Warning,Inside DMB-2,10.116.10.67,Offline,05/02/2023 16:40:28,10
341,1416,2,Kristin Miller,Warning,Inside DMB-3,10.116.11.164,Offline,04/23/2023 15:50:34,19
342,1590,2,Kristin Miller,Warning,Inside DMB-2,10.116.11.195,Offline,04/29/2023 16:55:48,13
349,1177,2,Cindy Kahler,Warning,Lane-1 Disp-1,10.122.12.104,Offline,09/04/2022 15:49:00,250
353,1025,1,Jaclyn Lashley,Warning,PHU Spec-1,10.116.12.149,Offline,05/12/2023 16:45:19,0
353,1025,1,Jaclyn Lashley,Warning,VF-1,10.115.12.153,Offline,03/26/2023 17:09:14,47
359,439,1,Christopher Landers,Warning,Inside DMB-3,10.116.13.36,Offline,03/21/2023 15:50:00,52
360,447,1,Bonnie Kurtz,Warning,KC-9,10.115.13.88,Offline,06/11/2022 16:48:55,336
372,2392,1,Bonnie Kurtz,Warning,Inside DMB-4,10.116.14.37,Offline,04/14/2023 16:59:00,28
378,4442,3,Michael Wheeler,Warning,VF-1,10.115.14.153,Offline,02/20/2023 16:57:55,81
388,611,1,Marcia Greenwood,Warning,PHU Main-1,10.116.15.74,Offline,05/03/2023 15:51:47,9
389,1550,1,Aretha Williams Wood,Warning,PHU Spec-1,10.116.15.117,Offline,04/24/2023 15:50:22,18
390,2789,1,Marcia Greenwood,Warning,KC-2,10.115.15.145,Offline,04/16/2023 17:03:38,26
395,5434,1,Gregg Courtemanche,Warning,VF-1,10.115.15.249,Offline,Unknown,Unknown
396,6217,1,Marcia Greenwood,Warning,Inside DMB-4,10.116.16.5,Offline,04/02/2023 15:53:10,40
398,5976,1,Aretha Williams Wood,Warning,Inside DMB-2,10.116.16.67,Offline,04/26/2023 15:49:03,16
398,5976,1,Aretha Williams Wood,Warning,Inside DMB-4,10.116.16.69,Offline,04/13/2023 17:02:14,29
400,1570,3,Rueben Ortiz-Diaz,Warning,PHU Main-1,10.116.16.138,Offline,02/25/2023 16:38:23,76
400,1570,3,Rueben Ortiz-Diaz,Warning,Drive-Thru Director,10.116.16.144,Offline,05/12/2023 16:30:17,0
400,1570,3,Rueben Ortiz-Diaz,Warning,Inside DMB-1,10.116.16.130,Offline,05/12/2023 16:30:17,0
400,1570,3,Rueben Ortiz-Diaz,Warning,Inside DMB-2,10.116.16.131,Offline,05/12/2023 16:30:17,0
400,1570,3,Rueben Ortiz-Diaz,Warning,Inside DMB-3,10.116.16.132,Offline,05/12/2023 16:30:17,0
400,1570,3,Rueben Ortiz-Diaz,Warning,Inside DMB-4,10.116.16.133,Offline,05/12/2023 16:30:17,0
400,1570,3,Rueben Ortiz-Diaz,Warning,Lane-1 Disp-3,10.122.16.138,Offline,12/26/2022 16:40:16,137
400,1570,3,Rueben Ortiz-Diaz,Warning,POS-1,10.115.16.131,Offline,03/18/2023 15:32:36,56
400,1570,3,Rueben Ortiz-Diaz,Warning,VF-1,10.115.16.153,Offline,03/18/2023 15:32:36,56
402,1855,3,Rueben Ortiz-Diaz,Warning,POS-6,10.115.16.200,Offline,04/26/2023 15:54:05,16
402,1855,3,Rueben Ortiz-Diaz,Warning,VF-6,10.115.16.221,Offline,04/26/2023 15:54:05,16
409,1580,1,Gary Trump,Warning,VF-1,10.115.17.121,Offline,03/31/2023 15:53:59,42
410,4121,1,Tyrone Coleman,Warning,POS-1,10.115.17.131,Offline,04/13/2023 16:43:46,29
417,7149,3,Michael Wheeler,Critical,VF-6,10.115.18.59,Offline,04/12/2023 16:55:57,30
421,400,5,Laura Smith,Warning,Chef,10.116.18.180,Offline,04/30/2023 17:00:06,12
424,4286,5,Dharmesh Patel,Warning,Drive-Thru Director,10.116.19.16,Offline,05/10/2023 15:52:48,2
438,1328,5,Tony Koprowski,Warning,VF-1,10.115.20.187,Offline,04/24/2023 15:53:53,18
445,5640,5,Amanda Shaffer,Warning,Inside DMB-3,10.116.21.100,Offline,05/09/2023 17:04:19,3
446,5857,5,Tony Koprowski,Warning,Lane-1 Disp-3,10.122.21.138,Offline,04/08/2023 16:54:40,34
449,6491,5,Tony Koprowski,Warning,Inside DMB-2,10.116.21.227,Offline,02/15/2023 17:00:41,86
449,6491,5,Tony Koprowski,Warning,Inside DMB-4,10.116.21.229,Offline,04/24/2023 15:53:46,18
449,6491,5,Tony Koprowski,Warning,Lane-1 Disp-1,10.122.21.232,Offline,04/09/2023 15:51:36,33
449,6491,5,Tony Koprowski,Warning,OCU-1,10.122.21.233,Offline,04/09/2023 15:51:36,33
449,6491,5,Tony Koprowski,Warning,Lane-1 Disp-3,10.122.21.234,Offline,04/09/2023 15:51:36,33
460,3071,2,Eric Rumpf,Warning,PHU Main-1,10.116.23.42,Offline,04/25/2022 15:34:20,383
464,3231,2,Randy Glazebrook,Warning,OCU-1,10.122.23.169,Offline,03/14/2023 15:31:03,60
471,4697,2,Randy Glazebrook,Warning,KC-9,10.115.24.88,Offline,05/23/2021 21:03:17,719
473,678,1,Jaclyn Lashley,Warning,Inside DMB-3,10.116.24.164,Offline,05/12/2023 15:32:48,1
481,10338,5,Theresia Umstead,Warning,Lane-1 Disp-1,10.122.25.168,Offline,05/03/2023 15:56:26,9
483,10357,5,Dan Hale,Warning,Inside DMB-2,10.116.25.227,Offline,05/12/2023 15:30:39,1
500,945,3,Erin Haas,Warning,KC-9,10.115.27.152,Offline,05/02/2023 16:42:01,10
501,953,3,Ray Haas,Warning,PHU Main-1,10.116.27.170,Offline,05/04/2023 15:33:54,9
507,15963,3,Kim Reed,Warning,Lane-1 Disp-1,10.122.28.40,Offline,04/23/2023 16:59:52,19
507,15963,3,Kim Reed,Warning,OCU-1,10.122.28.41,Offline,04/23/2023 16:59:52,19
507,15963,3,Kim Reed,Warning,Lane-1 Disp-3,10.122.28.42,Offline,04/23/2023 16:59:52,19
515,4046,3,Erin Haas,Warning,Inside DMB-4,10.116.29.5,Offline,04/06/2023 15:34:03,37
515,4046,3,Erin Haas,Warning,Lane-1 Disp-3,10.122.29.10,Offline,05/12/2023 15:32:42,1
522,6012,3,Kim Reed,Warning,OCU-1,10.122.29.137,Offline,05/03/2023 15:56:46,9
533,7972,3,Erin Haas,Warning,PHU Main-2,10.116.30.139,Offline,04/08/2023 15:37:09,35
536,6103,11,Tyler Hedinger,Warning,Lane-1 Disp-1,10.122.30.200,Offline,04/23/2023 15:59:28,19
537,6293,11,Joseph Leuthold,Warning,VF-3,10.115.30.250,Offline,04/28/2023 15:35:03,15
538,6612,11,Joseph Leuthold,Warning,Chef,10.116.31.20,Offline,04/25/2023 15:59:39,17
544,9709,11,Sean Voelker,Warning,VF-1,10.115.31.217,Offline,12/16/2022 18:24:23,147
546,10309,11,Tyler Hedinger,Warning,Inside DMB-2,10.116.32.3,Offline,04/17/2023 15:34:10,26
551,11818,1,Bonnie Kurtz,Warning,Lane-1 Disp-3,10.122.32.42,Offline,05/07/2023 15:58:48,5
555,4774,10,Scott Cogley,Warning,PHU Main-1,10.116.32.138,Offline,09/02/2022 15:57:00,252
555,4774,10,Scott Cogley,Warning,PHU Main-2,10.116.32.139,Offline,09/04/2022 15:57:11,250
555,4774,10,Scott Cogley,Warning,PHU Spec-2,10.116.32.150,Offline,09/07/2022 15:57:47,247
555,4774,10,Scott Cogley,Warning,Inside DMB-4,10.116.32.133,Offline,04/12/2023 15:34:15,31
557,16404,11,Steven Sanders,Warning,PHU Spec-2,10.116.32.214,Offline,05/12/2023 15:36:38,1
557,16404,11,Steven Sanders,Warning,Inside DMB-4,10.116.32.197,Offline,04/25/2023 16:03:06,17
559,2523,9,Machelle Gregory,Warning,Inside DMB-4,10.116.32.229,Offline,04/10/2023 15:58:49,32
562,3148,11,Steven Sanders,Warning,PHU Main-1,10.116.33.74,Offline,05/07/2023 16:00:50,5
562,3148,11,Steven Sanders,Warning,PHU Spec-2,10.116.33.86,Offline,04/30/2023 15:37:02,13
563,3548,11,Steven Sanders,Warning,PHU Spec-1,10.116.33.117,Offline,05/12/2023 16:49:38,0
563,3548,11,Steven Sanders,Warning,POS-1,10.115.33.99,Offline,02/27/2023 15:35:09,75
563,3548,11,Steven Sanders,Warning,VF-1,10.115.33.121,Offline,02/27/2023 15:35:09,75
566,4369,11,Rebecca Roberson,Warning,PHU Spec-1,10.116.33.245,Offline,02/09/2023 16:57:40,92
568,5646,11,Stephanie Lenoir,Warning,VF-3,10.115.34.26,Offline,05/09/2023 15:38:50,4
579,10504,9,Machelle Gregory,Warning,Inside DMB-2,10.116.35.99,Offline,04/27/2023 15:59:35,15
587,12094,11,Scott Mayse,Warning,PHU Spec-1,10.116.36.117,Offline,04/20/2022 15:52:09,388
588,10517,3,Tim Congdon,Warning,Inside DMB-2,10.116.36.131,Offline,03/18/2023 16:01:33,55
612,12874,5,Dan Hale,Warning,Lane-1 Disp-1,10.122.38.72,Offline,03/31/2023 16:04:20,42
613,12733,2,Shannon Furman,Warning,PHU Main-1,10.116.38.106,Offline,11/26/2022 15:38:26,168
615,12844,3,Ray Haas,Warning,PHU Main-1,10.116.38.170,Offline,05/12/2023 15:39:17,1
617,12985,10,Sara Sargent,Warning,Lane-1 Disp-1,10.122.38.232,Offline,04/05/2023 16:02:20,37
617,12985,10,Sara Sargent,Warning,OCU-1,10.122.38.233,Offline,04/05/2023 16:02:20,37
617,12985,10,Sara Sargent,Warning,Lane-1 Disp-3,10.122.38.234,Offline,04/05/2023 16:02:20,37
617,12985,10,Sara Sargent,Warning,VF-1,10.115.38.251,Offline,01/07/2023 15:46:05,126
618,6277,11,Steven Sanders,Warning,PHU Main-2,10.116.39.11,Offline,07/17/2022 15:58:44,300
618,6277,11,Steven Sanders,Warning,Drive-Thru Director,10.116.39.16,Offline,05/12/2023 15:39:09,1
618,6277,11,Steven Sanders,Warning,Inside DMB-1,10.116.39.2,Offline,05/12/2023 15:39:09,1
619,7047,11,Steven Sanders,Warning,Lane-1 Disp-1,10.122.39.40,Offline,04/26/2023 16:01:58,16
619,7047,11,Steven Sanders,Warning,OCU-1,10.122.39.41,Offline,04/26/2023 16:01:58,16
619,7047,11,Steven Sanders,Warning,Lane-1 Disp-3,10.122.39.42,Offline,04/26/2023 16:01:58,16
619,7047,11,Steven Sanders,Warning,VF-4,10.115.39.59,Offline,05/12/2023 15:41:08,1
620,703,10,Scott Cogley,Warning,PHU Spec-2,10.116.39.86,Offline,09/13/2022 15:31:08,241
624,13654,1,Bonnie Kurtz,Warning,Inside DMB-3,10.116.39.132,Offline,05/11/2023 15:40:46,2
629,8347,1,Marcia Greenwood,Warning,PHU Main-2,10.116.40.11,Offline,05/12/2023 15:37:13,1
632,14183,1,Jaclyn Lashley,Warning,VF-1,10.115.40.123,Offline,11/06/2022 15:39:50,188
642,2757,2,Randy Glazebrook,Warning,Inside DMB-3,10.116.59.132,Offline,04/20/2023 16:02:52,22
643,2258,5,Patrick Daley,Warning,PHU Main-2,10.116.59.203,Offline,05/12/2023 15:37:18,1
643,2258,5,Patrick Daley,Warning,PHU Spec-1,10.116.59.213,Offline,05/12/2023 15:37:18,1
643,2258,5,Patrick Daley,Warning,PHU Spec-2,10.116.59.214,Offline,05/12/2023 15:37:18,1
646,11445,5,Patrick Daley,Warning,OCU-1,10.122.60.41,Offline,09/15/2022 16:03:58,239
649,1810,3,Patrick Kenney,Warning,Inside DMB-3,10.116.63.164,Offline,05/03/2023 16:04:24,9
653,2406,3,Wendy Cleveland,Warning,PHU Spec-1,10.116.61.53,Offline,05/12/2023 15:37:08,1
654,2413,3,Wendy Cleveland,Warning,VF-3,10.115.61.90,Offline,05/10/2023 16:03:54,2
655,2552,3,Wendy Cleveland,Warning,PHU Spec-1,10.116.61.117,Offline,04/23/2023 16:05:14,19
656,2591,3,Wendy Cleveland,Warning,PHU Spec-1,10.116.61.149,Offline,05/03/2023 16:05:36,9
656,2591,3,Wendy Cleveland,Warning,Inside DMB-3,10.116.61.132,Offline,05/03/2023 16:05:36,9
656,2591,3,Wendy Cleveland,Warning,Inside DMB-4,10.116.61.133,Offline,04/19/2023 16:04:15,23
662,7470,3,Mike Abrams,Warning,Inside DMB-4,10.116.62.69,Offline,04/20/2023 16:07:35,22
665,9462,3,Mike Abrams,Warning,PHU Main-2,10.116.62.171,Offline,03/28/2023 15:42:21,46
668,5136,1,Jamie Regan,Warning,Inside DMB-2,10.116.63.3,Offline,03/03/2023 17:47:43,70
668,5136,1,Jamie Regan,Warning,VF-1,10.115.63.25,Offline,05/12/2023 15:42:38,1
678,4453,2,Sarah James,Warning,OCU-1,10.122.77.41,Offline,12/22/2022 15:41:33,142
678,4453,2,Sarah James,Warning,POS-1,10.115.77.35,Offline,03/02/2023 18:15:15,71
678,4453,2,Sarah James,Warning,POS-6,10.115.77.40,Offline,03/16/2023 15:44:04,58
678,4453,2,Sarah James,Warning,VF-1,10.115.77.59,Offline,03/02/2023 18:15:15,71
678,4453,2,Sarah James,Warning,VF-6,10.115.77.61,Offline,03/16/2023 15:44:04,58
680,2199,9,Jeremy Conard,Warning,PHU Spec-1,10.116.77.117,Offline,05/12/2023 15:40:06,1
681,4022,9,Machelle Gregory,Warning,Chef,10.116.77.148,Offline,04/21/2023 15:41:51,22
681,4022,9,Machelle Gregory,Warning,PHU Main-1,10.116.77.138,Offline,05/07/2023 16:05:33,5
683,11312,9,Jeremy Conard,Warning,PHU Spec-1,10.116.77.213,Offline,05/12/2023 15:40:48,1
683,11312,9,Jeremy Conard,Warning,PHU Spec-2,10.116.77.214,Offline,05/12/2023 15:40:48,1
686,9055,1,Todd Grasee,Warning,OCU-1,10.122.78.105,Offline,05/07/2023 16:06:02,5
687,10189,1,Todd Grasee,Warning,KC-2,10.115.78.145,Offline,03/30/2023 16:07:29,43
702,1575,9,Tammy Bolton,Warning,KC-2,10.115.80.49,Offline,02/02/2023 16:07:47,99
704,2647,9,Sam Samal,Warning,Lane-1 Disp-1,10.122.80.104,Offline,02/15/2023 17:49:41,86
705,2806,7,Margaret Benge,Warning,PHU Main-1,10.116.80.138,Offline,05/10/2023 15:35:51,3
705,2806,7,Margaret Benge,Warning,PHU Main-2,10.116.80.139,Offline,05/09/2023 16:45:31,4
705,2806,7,Margaret Benge,Warning,PHU Spec-2,10.116.80.150,Offline,05/11/2023 16:46:17,2
705,2806,7,Margaret Benge,Warning,POS-1,10.115.80.131,Offline,02/26/2023 15:37:48,76
708,3442,9,Jodie Wheeler,Warning,Lane-1 Disp-1,10.122.80.232,Offline,05/09/2023 15:43:26,4
710,4522,7,Margaret Benge,Warning,PHU Main-1,10.116.81.42,Offline,05/12/2023 16:31:18,0
710,4522,7,Margaret Benge,Warning,PHU Main-2,10.116.81.43,Offline,04/13/2023 16:43:03,29
710,4522,7,Margaret Benge,Warning,POS-2,10.115.81.36,Offline,01/25/2023 16:34:09,107
710,4522,7,Margaret Benge,Warning,VF-1,10.115.81.57,Offline,11/15/2022 15:32:20,178
712,4944,7,Margaret Benge,Warning,VF-1,10.115.81.121,Offline,02/09/2023 15:37:05,93
713,5308,9,Jodie Wheeler,Warning,KC-2,10.115.81.145,Offline,04/02/2021 07:13:20,771
715,5720,9,Tammy Bolton,Warning,OCU-1,10.122.81.201,Offline,05/08/2023 16:09:57,4
716,5803,7,Shaun Fulton,Warning,PHU Spec-1,10.116.81.245,Offline,05/12/2023 16:34:02,0
716,5803,7,Shaun Fulton,Warning,VF-1,10.115.81.249,Offline,09/15/2022 15:37:14,239
717,5834,9,Tammy Bolton,Warning,Inside DMB-4,10.116.82.5,Offline,03/20/2023 16:06:53,53
717,5834,9,Tammy Bolton,Warning,Lane-1 Disp-3,10.122.82.10,Offline,05/12/2023 15:40:52,1
721,7174,7,Shaun Fulton,Warning,Inside DMB-4,10.116.82.101,Offline,05/07/2023 15:36:29,5
722,7184,9,Jeremy Conard,Warning,KC-2,10.115.82.145,Offline,05/05/2023 16:09:00,7
726,8435,9,Tammy Bolton,Critical,POS-3,10.115.82.229,Offline,05/09/2023 15:45:58,4
727,8619,9,Machelle Gregory,Warning,Lane-2 Disp-1,10.122.83.13,Offline,Unknown,Unknown
727,8619,9,Machelle Gregory,Warning,OCU-2,10.122.83.14,Offline,Unknown,Unknown
727,8619,9,Machelle Gregory,Warning,Lane-2 Disp-3,10.122.83.15,Offline,Unknown,Unknown
727,8619,9,Machelle Gregory,Warning,VF-3,10.115.83.26,Offline,04/03/2023 15:44:58,40
728,8817,9,Machelle Gregory,Warning,VF-1,10.115.83.57,Offline,05/12/2023 15:43:02,1
729,8980,9,Tammy Bolton,Warning,Inside DMB-2,10.116.83.67,Offline,02/25/2023 15:43:54,77
733,10892,9,Machelle Gregory,Warning,Inside DMB-2,10.116.83.195,Offline,04/29/2023 15:45:40,14
733,10892,9,Machelle Gregory,Warning,Lane-1 Disp-3,10.122.83.202,Offline,05/02/2023 15:44:27,11
734,12048,9,Jodie Wheeler,Warning,Lane-2 Disp-3,10.122.83.239,Offline,Unknown,Unknown
737,13133,9,Jodie Wheeler,Warning,Chef,10.116.84.84,Offline,04/10/2023 16:05:47,32
737,13133,9,Jodie Wheeler,Warning,PHU Main-1,10.116.84.74,Offline,05/04/2023 15:45:35,9
737,13133,9,Jodie Wheeler,Warning,PHU Spec-1,10.116.84.85,Offline,05/04/2023 15:45:35,9
737,13133,9,Jodie Wheeler,Warning,PHU Spec-2,10.116.84.86,Offline,05/12/2023 15:42:37,1
737,13133,9,Jodie Wheeler,Warning,Lane-1 Disp-1,10.122.84.72,Offline,04/17/2023 15:45:03,26
737,13133,9,Jodie Wheeler,Warning,OCU-1,10.122.84.73,Offline,04/17/2023 15:45:03,26
737,13133,9,Jodie Wheeler,Warning,Lane-1 Disp-3,10.122.84.74,Offline,04/17/2023 15:45:03,26
743,17059,9,Tammy Bolton,Warning,PHU Main-2,10.116.84.235,Offline,05/11/2023 15:47:59,2
743,17059,9,Tammy Bolton,Warning,Inside DMB-2,10.116.84.227,Offline,05/02/2023 15:47:25,11
743,17059,9,Tammy Bolton,Warning,POS-1,10.115.84.227,Offline,02/07/2023 16:13:00,94
743,17059,9,Tammy Bolton,Warning,VF-1,10.115.84.251,Offline,03/09/2023 17:47:30,64
745,26894,4,Kim Sullivan,Warning,Lane-1 Disp-1,10.122.85.40,Offline,12/20/2022 15:46:53,144
745,26894,4,Kim Sullivan,Warning,OCU-1,10.122.85.41,Offline,12/20/2022 15:46:53,144
745,26894,4,Kim Sullivan,Warning,Lane-1 Disp-3,10.122.85.42,Offline,12/20/2022 15:46:53,144
746,663,4,Kim Sullivan,Warning,Inside DMB-2,10.116.85.67,Offline,05/11/2023 15:47:09,2
746,663,4,Kim Sullivan,Warning,Inside DMB-4,10.116.85.69,Offline,05/02/2023 15:46:35,11
746,663,4,Kim Sullivan,Warning,KC-2,10.115.85.81,Offline,05/08/2023 16:11:54,4
747,706,4,Kim Sullivan,Warning,KC-2,10.115.85.113,Offline,02/10/2023 16:09:00,91
749,2614,4,Carol Roberts,Warning,Inside DMB-4,10.116.85.165,Offline,05/11/2023 15:47:12,2
751,2770,4,Kim Sullivan,Warning,OCU-1,10.122.85.201,Offline,06/30/2022 15:44:25,317
752,4647,4,Carol Roberts,Warning,Inside DMB-2,10.116.85.227,Offline,04/19/2023 16:12:09,23
753,6540,4,Kim Sullivan,Warning,Inside DMB-2,10.116.86.3,Offline,08/18/2022 16:08:12,267
753,6540,4,Kim Sullivan,Warning,POS-6,10.115.86.8,Offline,05/12/2023 15:44:47,1
753,6540,4,Kim Sullivan,Warning,VF-6,10.115.86.29,Offline,05/12/2023 15:44:47,1
757,108,7,Terry King,Warning,Inside DMB-2,10.116.86.67,Offline,01/05/2023 16:31:33,127
759,165,7,Nick Cox,Warning,POS-1,10.115.86.131,Offline,04/10/2023 16:08:59,32
759,165,7,Nick Cox,Warning,VF-1,10.115.86.153,Offline,04/10/2023 16:08:59,32
763,829,7,Nick Cox,Warning,KC-3,10.115.86.242,Offline,12/11/2022 16:07:51,152
764,850,7,Nick Cox,Warning,Chef,10.116.87.20,Offline,04/23/2023 16:11:40,19
764,850,7,Nick Cox,Warning,PHU Main-1,10.116.87.10,Offline,04/30/2023 15:47:46,13
764,850,7,Nick Cox,Warning,PHU Spec-2,10.116.87.22,Offline,03/19/2023 15:48:06,55
764,850,7,Nick Cox,Warning,POS-1,10.115.87.3,Offline,02/26/2023 16:11:56,75
766,913,7,Nick Cox,Warning,Lane-2 Disp-3,10.122.87.79,Offline,06/15/2022 15:45:34,332
768,2475,7,Danielle Tate,Warning,PHU Spec-2,10.116.87.150,Offline,07/03/2022 15:46:44,314
770,3058,7,Terry King,Warning,Chef,10.116.87.212,Offline,05/10/2023 16:12:39,2
771,3266,7,Terry King,Warning,OCU-1,10.122.87.233,Offline,02/21/2023 16:09:27,80
772,3516,7,Denise Kafele,Warning,Chef,10.116.88.20,Offline,04/23/2023 16:13:04,19
775,4050,9,Sam Samal,Warning,PHU Main-1,10.116.88.74,Offline,05/12/2023 15:46:02,1
775,4050,9,Sam Samal,Warning,PHU Spec-2,10.116.88.86,Offline,05/07/2023 16:12:13,5
782,5833,7,Alicia Flowers,Warning,PHU Main-2,10.116.89.43,Offline,05/10/2023 16:09:50,2
785,6616,7,Terry King,Warning,PHU Spec-2,10.116.89.118,Offline,05/11/2023 15:49:03,2
785,6616,7,Terry King,Critical,VF-6,10.115.89.125,Offline,04/01/2023 15:47:40,42
788,7310,7,Nick Cox,Warning,Chef,10.116.89.212,Offline,05/12/2023 15:45:43,1
789,7626,7,Danielle Tate,Warning,Inside DMB-4,10.116.89.229,Offline,05/03/2023 16:13:43,9
791,10796,7,Terry King,Warning,VF-3,10.115.90.58,Offline,04/27/2023 16:10:18,15
792,10866,7,Terry King,Warning,Inside DMB-2,10.116.90.67,Offline,03/03/2023 18:12:44,70
795,16242,7,Danielle Tate,Warning,PHU Main-1,10.116.90.170,Offline,Unknown,Unknown
795,16242,7,Danielle Tate,Warning,PHU Main-2,10.116.90.171,Offline,05/12/2023 15:45:43,1
796,16588,7,Terry King,Warning,Inside DMB-3,10.116.90.196,Offline,05/02/2023 15:47:10,11
799,17658,7,Danielle Tate,Warning,Inside DMB-3,10.116.91.36,Offline,04/26/2023 16:07:50,16
799,17658,7,Danielle Tate,Warning,Lane-1 Disp-1,10.122.91.40,Offline,05/09/2023 15:47:57,4
801,6954,11,Stephanie Lenoir,Warning,Chef,10.116.91.84,Offline,05/12/2023 15:46:35,1
801,6954,11,Stephanie Lenoir,Warning,VF-1,10.115.91.89,Offline,12/12/2022 16:09:56,151
804,10369,11,Stephanie Lenoir,Warning,Inside DMB-4,10.116.91.133,Offline,03/15/2023 15:53:30,59
806,11783,11,Stephanie Lenoir,Warning,Inside DMB-4,10.116.91.165,Offline,02/22/2023 16:17:24,79
806,11783,11,Stephanie Lenoir,Warning,KC-5,10.115.91.180,Offline,05/01/2023 16:18:25,11
811,2853,10,Scott Cogley,Warning,Lane-1 Disp-1,10.122.92.72,Offline,07/30/2022 16:06:14,287
812,5139,10,Scott Cogley,Warning,Inside DMB-4,10.116.92.101,Offline,05/11/2023 15:50:15,2
812,5139,10,Scott Cogley,Critical,POS-3,10.115.92.101,Offline,05/08/2023 16:15:05,4
812,5139,10,Scott Cogley,Warning,VF-3,10.115.92.122,Offline,05/08/2023 16:15:05,4
812,5139,10,Scott Cogley,Warning,VF-4,10.115.92.123,Offline,05/12/2023 15:47:55,1
815,6588,10,Sara Sargent,Warning,VF-1,10.115.92.217,Offline,02/12/2023 16:14:09,89
817,10321,10,Sara Sargent,Warning,Lane-1 Disp-1,10.122.93.8,Offline,05/12/2023 15:47:17,1
817,10321,10,Sara Sargent,Warning,OCU-1,10.122.93.9,Offline,05/12/2023 15:47:17,1
817,10321,10,Sara Sargent,Warning,Lane-1 Disp-3,10.122.93.10,Offline,05/12/2023 15:47:17,1
818,473,8,Georgia Sanderlin,Warning,POS-1,10.115.93.35,Offline,05/08/2023 16:16:38,4
818,473,8,Georgia Sanderlin,Warning,VF-1,10.115.93.57,Offline,05/08/2023 16:16:38,4
819,1140,4,Carol Roberts,Warning,Inside DMB-4,10.116.93.69,Offline,04/16/2023 15:51:50,27
821,1484,8,Brian Glass,Warning,Chef,10.116.93.148,Offline,02/07/2023 16:14:55,94
821,1484,8,Brian Glass,Warning,PHU Main-2,10.116.93.139,Offline,05/06/2023 16:14:57,6
825,2234,8,Michael Anderson,Warning,PHU Main-2,10.116.93.235,Offline,05/05/2023 16:13:56,7
825,2234,8,Michael Anderson,Warning,PHU Spec-1,10.116.93.245,Offline,05/06/2023 16:13:52,6
825,2234,8,Michael Anderson,Warning,PHU Spec-2,10.116.93.246,Offline,04/25/2023 16:15:18,17
826,3010,8,Brian Glass,Warning,KC-1,10.115.94.16,Offline,05/12/2023 15:49:29,1
826,3010,8,Brian Glass,Warning,KC-2,10.115.94.17,Offline,05/12/2023 15:49:29,1
830,5009,8,Shaleah Moore,Warning,POS-1,10.115.94.131,Offline,04/28/2023 16:36:10,14
832,5272,8,Brian Glass,Warning,Inside DMB-2,10.116.94.195,Offline,05/12/2023 15:48:29,1
832,5272,8,Brian Glass,Warning,POS-1,10.115.94.195,Offline,05/12/2023 15:49:34,1
837,5633,8,Georgia Sanderlin,Warning,Chef,10.116.95.116,Offline,04/23/2023 16:15:58,19
837,5633,8,Georgia Sanderlin,Warning,VF-1,10.115.95.121,Offline,01/26/2023 16:12:02,106
837,5633,8,Georgia Sanderlin,Critical,VF-6,10.115.95.125,Offline,10/14/2022 15:49:15,211
838,5883,8,Michael Anderson,Warning,VF-1,10.115.95.153,Offline,04/12/2023 15:52:18,31
845,7359,8,Adam Warfel,Warning,VF-1,10.115.96.90,Offline,10/25/2022 15:51:54,200
848,7582,8,Terran Langston,Warning,Lane-1 Disp-3,10.122.96.138,Offline,05/06/2023 16:17:40,6
850,7908,8,Terran Langston,Warning,Inside DMB-2,10.116.96.163,Offline,05/06/2023 16:16:16,6
850,7908,8,Terran Langston,Warning,VF-1,10.115.96.185,Offline,12/12/2022 16:12:41,151
852,8468,8,Brian Glass,Warning,Chef,10.116.96.244,Offline,04/27/2023 16:13:05,15
852,8468,8,Brian Glass,Warning,KC-1,10.115.96.240,Offline,05/12/2023 15:50:29,1
852,8468,8,Brian Glass,Warning,KC-2,10.115.96.241,Offline,05/12/2023 15:50:29,1
853,8504,8,Kelly Christopher,Warning,Chef,10.116.97.20,Offline,05/04/2023 15:53:31,9
853,8504,8,Kelly Christopher,Warning,Lane-1 Disp-3,10.122.97.10,Offline,01/10/2023 16:15:55,122
855,8821,8,Kelly Christopher,Warning,Inside DMB-4,10.116.97.69,Offline,05/05/2023 16:16:51,7
861,22792,8,Shaleah Moore,Warning,KC-1,10.115.98.16,Offline,04/14/2023 15:55:41,29
862,10577,8,Shaleah Moore,Warning,Drive-Thru Director,10.116.98.48,Offline,05/09/2023 15:53:15,4
862,10577,8,Shaleah Moore,Warning,Inside DMB-1,10.116.98.34,Offline,05/01/2023 16:16:41,11
862,10577,8,Shaleah Moore,Warning,Inside DMB-2,10.116.98.35,Offline,05/06/2023 16:16:51,6
862,10577,8,Shaleah Moore,Warning,Inside DMB-3,10.116.98.36,Offline,04/27/2023 16:13:51,15
862,10577,8,Shaleah Moore,Warning,Inside DMB-4,10.116.98.37,Offline,05/09/2023 15:53:15,4
862,10577,8,Shaleah Moore,Warning,Lane-1 Disp-1,10.122.98.40,Offline,04/01/2023 15:51:06,42
863,10627,8,Brian Glass,Warning,Inside DMB-4,10.116.98.69,Offline,03/15/2023 15:53:59,59
863,10627,8,Brian Glass,Warning,KC-1,10.115.98.80,Offline,05/12/2023 15:51:49,1
863,10627,8,Brian Glass,Warning,KC-2,10.115.98.81,Offline,05/12/2023 15:51:49,1
866,10970,8,Terran Langston,Warning,PHU Spec-2,10.116.98.182,Offline,05/07/2023 16:17:37,5
871,12297,4,Carol Roberts,Warning,PHU Spec-2,10.116.99.86,Offline,04/05/2023 16:19:15,37
872,12445,8,Shaleah Moore,Warning,POS-1,10.115.99.99,Offline,04/02/2023 16:17:23,40
873,12744,8,Michael Anderson,Warning,KC-1,10.115.99.144,Offline,04/19/2023 16:21:03,23
873,12744,8,Michael Anderson,Warning,KC-2,10.115.99.145,Offline,04/19/2023 16:21:03,23
875,12948,8,Brian Glass,Warning,PHU Main-2,10.116.99.203,Offline,04/08/2023 15:53:05,35
877,13517,8,Shaleah Moore,Warning,Inside DMB-3,10.116.99.228,Offline,04/20/2023 16:19:47,22
881,16005,8,Georgia Sanderlin,Warning,Inside DMB-2,10.116.100.67,Offline,05/07/2023 16:19:35,5
885,418,11,Sean Voelker,Warning,PHU Main-1,10.116.100.202,Offline,04/21/2023 15:54:56,22
885,418,11,Sean Voelker,Warning,PHU Spec-2,10.116.100.214,Offline,01/28/2023 16:13:59,104
885,418,11,Sean Voelker,Warning,VF-1,10.115.100.219,Offline,02/24/2023 16:18:41,77
886,514,11,Tyler Hedinger,Warning,PHU Main-1,10.116.100.234,Offline,04/06/2023 15:55:09,37
886,514,11,Tyler Hedinger,Warning,PHU Spec-2,10.116.100.246,Offline,04/06/2023 15:55:09,37
886,514,11,Tyler Hedinger,Warning,Inside DMB-4,10.116.100.229,Offline,03/02/2023 17:45:36,71
887,667,11,Joseph Leuthold,Warning,Lane-1 Disp-1,10.122.101.8,Offline,03/05/2023 18:12:02,68
891,5755,11,Scott Mayse,Warning,Inside DMB-3,10.116.101.68,Offline,04/19/2023 16:20:25,23
895,1073,6,Mary Miller,Warning,KC-3,10.115.101.210,Offline,04/02/2023 16:17:32,40
897,1185,6,Shannon Robbins,Warning,Chef,10.116.102.20,Offline,03/23/2023 16:20:46,50
897,1185,6,Shannon Robbins,Warning,PHU Main-2,10.116.102.11,Offline,05/12/2023 15:53:08,1
897,1185,6,Shannon Robbins,Warning,PHU Spec-1,10.116.102.21,Offline,05/07/2023 16:19:53,5
898,1270,6,Shannon Robbins,Warning,PHU Spec-1,10.116.102.53,Offline,05/12/2023 15:53:30,1
898,1270,6,Shannon Robbins,Warning,PHU Spec-2,10.116.102.54,Offline,05/12/2023 15:53:30,1
899,1407,6,Shannon Robbins,Warning,PHU Spec-2,10.116.102.86,Offline,08/21/2022 15:52:24,265
900,1566,6,Shannon Robbins,Warning,PHU Main-1,10.116.102.106,Offline,04/19/2023 15:30:36,23
902,4212,6,Mary Miller,Warning,POS-6,10.115.102.168,Offline,05/11/2023 15:58:34,2
902,4212,6,Mary Miller,Warning,VF-6,10.115.102.189,Offline,05/11/2023 15:58:34,2
903,4251,6,Mary Miller,Warning,PHU Spec-1,10.116.102.213,Offline,05/12/2023 15:56:12,1
904,4289,6,Mary Miller,Warning,PHU Spec-2,10.116.102.246,Offline,03/20/2023 16:20:49,53
904,4289,6,Mary Miller,Warning,OCU-1,10.122.102.233,Offline,01/12/2023 15:58:54,121
904,4289,6,Mary Miller,Warning,POS-1,10.115.102.227,Offline,03/27/2023 15:57:16,47
904,4289,6,Mary Miller,Warning,VF-1,10.115.102.249,Offline,03/27/2023 15:57:16,47
906,5563,6,Mary Miller,Warning,PHU Main-2,10.116.103.43,Offline,04/20/2023 16:20:36,22
911,17087,6,Mary Miller,Warning,Chef,10.116.103.148,Offline,04/11/2023 16:17:44,31
911,17087,6,Mary Miller,Warning,KC-3,10.115.103.146,Offline,03/31/2023 16:20:27,42
915,1613,10,Joseph Abelard,Warning,Inside DMB-2,10.116.104.3,Offline,05/07/2023 16:19:56,5
916,1657,10,Joseph Abelard,Warning,PHU Main-2,10.116.104.43,Offline,12/15/2022 16:20:26,148
920,2419,10,Sharif Burnette,Warning,Lane-1 Disp-3,10.122.104.170,Offline,05/10/2023 15:30:32,3
920,2419,10,Sharif Burnette,Warning,VF-1,10.115.104.185,Offline,05/12/2023 16:32:41,0
921,2573,10,Sharif Burnette,Warning,Lane-1 Disp-3,10.122.104.202,Offline,12/09/2022 15:54:13,155
923,2664,10,Sharif Burnette,Warning,PHU Main-2,10.116.105.11,Offline,05/07/2023 16:20:53,5
923,2664,10,Sharif Burnette,Warning,Lane-1 Disp-3,10.122.105.10,Offline,Unknown,Unknown
926,6333,10,Joseph Abelard,Warning,PHU Main-1,10.116.105.74,Offline,11/27/2022 16:17:18,166
926,6333,10,Joseph Abelard,Warning,PHU Main-2,10.116.105.75,Offline,05/11/2023 15:58:32,2
927,658,9,Tamara Brown,Warning,Inside DMB-3,10.116.105.100,Offline,05/04/2023 15:58:45,9
929,1938,9,Tamara Brown,Warning,OCU-1,10.122.105.169,Offline,04/25/2023 16:34:57,17
930,2472,9,Tamara Brown,Warning,PHU Main-1,10.116.105.202,Offline,05/12/2023 16:31:30,0
930,2472,9,Tamara Brown,Warning,VF-1,10.115.105.217,Offline,03/13/2023 15:34:35,60
933,4767,9,Dorothy Carter,Warning,Chef,10.116.106.52,Offline,11/12/2022 15:55:08,182
933,4767,9,Dorothy Carter,Warning,PHU Main-1,10.116.106.42,Offline,04/22/2023 15:58:35,21
933,4767,9,Dorothy Carter,Warning,PHU Spec-1,10.116.106.53,Offline,04/17/2023 15:57:40,26
933,4767,9,Dorothy Carter,Warning,POS-1,10.115.106.35,Offline,04/10/2023 16:19:01,32
935,5321,9,Tamara Brown,Warning,PHU Spec-2,10.116.106.118,Offline,05/12/2023 15:54:33,1
937,5512,9,Dorothy Carter,Warning,PHU Main-1,10.116.106.170,Offline,05/23/2022 15:55:59,355
937,5512,9,Dorothy Carter,Warning,PHU Spec-1,10.116.106.181,Offline,05/02/2023 15:58:11,11
937,5512,9,Dorothy Carter,Warning,Inside DMB-1,10.116.106.162,Offline,05/11/2023 15:58:51,2
939,6063,7,Denise Kafele,Warning,Chef,10.116.106.244,Offline,03/07/2023 18:38:12,66
941,6710,9,Dorothy Carter,Warning,Drive-Thru Director,10.116.107.16,Offline,05/01/2023 16:22:05,11
943,7150,9,Dorothy Carter,Warning,Lane-1 Disp-1,10.122.107.72,Offline,05/08/2023 16:22:44,4
943,7150,9,Dorothy Carter,Warning,OCU-1,10.122.107.73,Offline,05/12/2023 15:54:11,1
944,7216,7,Aaron Weller,Warning,BOH,,Offline,12/26/2022 08:38:18,138
950,9821,9,Dorothy Carter,Warning,Drive-Thru Director,10.116.108.16,Offline,05/02/2023 15:58:24,11
950,9821,9,Dorothy Carter,Warning,Inside DMB-1,10.116.108.2,Offline,04/27/2023 16:19:11,15
950,9821,9,Dorothy Carter,Warning,Inside DMB-2,10.116.108.3,Offline,04/26/2023 16:17:31,16
950,9821,9,Dorothy Carter,Warning,Inside DMB-3,10.116.108.4,Offline,04/27/2023 16:19:11,15
950,9821,9,Dorothy Carter,Warning,Inside DMB-4,10.116.108.5,Offline,05/02/2023 15:58:24,11
952,12598,9,Tamara Brown,Warning,VF-3,10.115.108.90,Offline,05/10/2023 16:23:55,2
953,17359,7,Aaron Weller,Warning,PHU Main-2,10.116.108.107,Offline,03/12/2022 16:05:31,427
956,27833,6,Rasheed Alford,Warning,Lane-2 Disp-1,10.122.108.173,Offline,05/01/2023 16:22:40,11
956,27833,6,Rasheed Alford,Warning,OCU-2,10.122.108.174,Offline,05/01/2023 16:22:40,11
956,27833,6,Rasheed Alford,Warning,Lane-2 Disp-3,10.122.108.175,Offline,05/01/2023 16:22:40,11
958,1625,6,Rasheed Alford,Warning,POS-1,10.115.108.227,Offline,05/07/2023 16:25:01,5
958,1625,6,Rasheed Alford,Warning,VF-1,10.115.108.249,Offline,05/09/2023 16:01:11,4
962,3657,6,Rasheed Alford,Warning,PHU Main-1,10.116.109.74,Offline,05/05/2023 16:23:46,7
962,3657,6,Rasheed Alford,Warning,PHU Spec-1,10.116.109.85,Offline,04/02/2023 16:20:44,40
962,3657,6,Rasheed Alford,Warning,KC-3,10.115.109.82,Offline,03/10/2021 19:50:20,793
971,6988,6,Tina Weir,Warning,POS-3,10.115.110.37,Offline,05/12/2023 15:57:38,1
973,11493,6,Rasheed Alford,Warning,Lane-1 Disp-1,10.122.110.72,Offline,08/29/2022 15:59:21,257
976,13246,6,Tina Weir,Warning,POS-1,10.115.110.163,Offline,05/12/2023 15:57:49,1
976,13246,6,Tina Weir,Warning,VF-1,10.115.110.185,Offline,05/11/2023 16:03:11,2
978,17644,6,Tina Weir,Warning,PHU Main-2,10.116.110.235,Offline,01/27/2023 15:57:07,106
1001,2974,8,Andrew Smith,Warning,BOH,,Offline,01/03/2023 02:17:28,131
1003,5768,8,Carrols Helpdesk,Warning,BOH,,Offline,01/24/2023 02:17:30,110
1004,7579,8,Andrew Smith,Warning,Chef,10.116.111.116,Offline,05/07/2023 16:27:24,5
1012,988,5,Deborah Boskee,Warning,Lane-1 Disp-1,10.122.112.104,Offline,05/12/2023 15:57:48,1
1013,2148,5,Scott Null,Warning,POS-1,10.115.112.131,Offline,05/05/2023 15:35:46,7
1013,2148,5,Scott Null,Warning,VF-1,10.115.112.157,Offline,05/05/2023 15:35:46,7
1014,2633,5,Theresia Umstead,Warning,PHU Spec-1,10.116.112.181,Offline,04/23/2023 15:34:57,19
1015,3260,5,Ramakrishna Daduvai,Warning,PHU Main-2,10.116.112.203,Offline,05/03/2023 15:36:13,9
1021,6296,5,Mark Rompf,Warning,VF-3,10.115.113.153,Offline,05/11/2023 16:04:37,2
1022,6347,5,Dan Hale,Warning,Inside DMB-2,10.116.113.163,Offline,12/15/2022 16:26:47,148
1022,6347,5,Dan Hale,Warning,Inside DMB-3,10.116.113.164,Offline,05/08/2023 16:28:04,4
1025,11248,5,Theresia Umstead,Warning,KC-3,10.115.114.18,Offline,01/01/2023 16:06:10,132
1026,11347,5,Mark Rompf,Warning,PHU Main-2,10.116.114.43,Offline,05/08/2023 16:26:55,4
1026,11347,5,Mark Rompf,Warning,PHU Spec-2,10.116.114.54,Offline,Unknown,Unknown
1027,12980,5,Mark Rompf,Warning,PHU Spec-2,10.116.114.86,Offline,12/07/2022 16:18:36,156
1027,12980,5,Mark Rompf,Warning,Inside DMB-4,10.116.114.69,Offline,05/06/2023 16:25:32,6
1029,19948,5,Ramakrishna Daduvai,Warning,PHU Main-1,10.116.114.138,Offline,05/12/2023 15:57:48,1
1029,19948,5,Ramakrishna Daduvai,Warning,OCU-2,10.122.114.142,Offline,03/05/2023 18:29:57,68
1032,1366,2,Ed Howland,Warning,Drive-Thru Director,10.116.114.240,Offline,05/12/2023 15:57:45,1
1033,1367,2,Ed Howland,Warning,Chef,10.116.115.20,Offline,05/05/2023 16:25:39,7
1036,2934,2,Ed Howland,Warning,Lane-1 Disp-1,10.122.115.104,Offline,05/09/2023 16:02:13,4
1036,2934,2,Ed Howland,Warning,OCU-1,10.122.115.105,Offline,05/09/2023 16:02:13,4
1036,2934,2,Ed Howland,Warning,Lane-1 Disp-3,10.122.115.106,Offline,05/09/2023 16:02:13,4
1039,1683,3,Tiffany Greeney,Warning,Inside DMB-3,10.116.115.196,Offline,11/01/2022 15:35:03,192
1040,1734,3,Darrin Carl,Warning,KC-1,10.115.115.240,Offline,04/10/2023 15:32:25,32
1041,1744,3,Darrin Carl,Warning,POS-1,10.115.116.3,Offline,03/14/2023 16:45:30,59
1041,1744,3,Darrin Carl,Warning,VF-1,10.115.116.25,Offline,03/14/2023 16:45:30,59
1051,2970,5,Theresia Umstead,Warning,POS-3,10.115.117.69,Offline,05/12/2023 12:55:43,1
1051,2970,5,Theresia Umstead,Warning,KC-2,10.115.117.81,Offline,05/08/2023 16:27:40,4
1051,2970,5,Theresia Umstead,Warning,VF-3,10.115.117.90,Offline,05/12/2023 12:55:43,1
1052,3562,5,Scott Null,Warning,PHU Main-1,10.116.117.106,Offline,01/31/2023 16:02:20,102
1055,9802,5,Scott Null,Warning,PHU Main-1,10.116.117.202,Offline,05/12/2023 16:00:10,1
1055,9802,5,Scott Null,Warning,PHU Main-2,10.116.117.203,Offline,05/12/2023 16:00:10,1
1055,9802,5,Scott Null,Warning,PHU Spec-1,10.116.117.213,Offline,05/12/2023 16:00:10,1
1055,9802,5,Scott Null,Warning,PHU Spec-2,10.116.117.214,Offline,05/12/2023 16:00:10,1
1056,12081,5,Scott Null,Warning,Lane-1 Disp-1,10.122.117.232,Offline,05/10/2023 16:25:06,2
1056,12081,5,Scott Null,Warning,OCU-1,10.122.117.233,Offline,05/10/2023 16:25:06,2
1056,12081,5,Scott Null,Warning,Lane-1 Disp-3,10.122.117.234,Offline,05/10/2023 16:25:06,2
1058,4645,4,James Pickett,Warning,Drive-Thru Director,10.116.118.80,Offline,05/09/2023 16:09:14,4
1058,4645,4,James Pickett,Warning,Inside DMB-1,10.116.118.66,Offline,05/09/2023 16:09:14,4
1058,4645,4,James Pickett,Warning,Inside DMB-2,10.116.118.67,Offline,05/09/2023 16:09:14,4
1058,4645,4,James Pickett,Warning,Inside DMB-3,10.116.118.68,Offline,05/09/2023 16:09:14,4
1058,4645,4,James Pickett,Warning,Inside DMB-4,10.116.118.69,Offline,05/09/2023 16:09:14,4
1074,14040,2,Brandon Vye,Warning,KC-2,10.115.120.81,Offline,05/04/2023 16:08:37,9
1077,597,1,Debra Gongloff,Warning,Chef,10.116.120.180,Offline,05/06/2023 16:30:53,6
1077,597,1,Debra Gongloff,Warning,PHU Main-2,10.116.120.171,Offline,04/24/2023 16:30:55,18
1082,2249,1,Jamie Regan,Warning,Inside DMB-3,10.116.121.68,Offline,04/28/2023 16:03:59,15
1084,6423,1,Debra Gongloff,Warning,VF-3,10.115.121.154,Offline,04/14/2023 16:10:38,29
1085,7351,1,Jamie Regan,Warning,Drive-Thru Director,10.116.121.176,Offline,05/11/2023 16:06:30,2
1085,7351,1,Jamie Regan,Warning,OCU-1,10.122.121.169,Offline,02/07/2023 16:29:17,94
1085,7351,1,Jamie Regan,Warning,POS-1,10.115.121.163,Offline,05/11/2023 16:07:48,2
1088,9492,1,Debra Gongloff,Warning,Lane-1 Disp-1,10.122.122.8,Offline,05/12/2023 16:01:39,1
1088,9492,1,Debra Gongloff,Warning,OCU-1,10.122.122.9,Offline,05/12/2023 16:01:39,1
1093,866,7,Denise Kafele,Warning,Lane-1 Disp-1,10.122.122.168,Offline,04/18/2023 16:07:02,25
1094,5460,7,Denise Kafele,Warning,Inside DMB-3,10.116.122.196,Offline,04/19/2023 16:31:39,23
1099,3330,4,Scott Atkins,Warning,KC-5,10.115.123.116,Offline,04/13/2023 16:10:43,30
1100,3931,4,Greg Artis,Warning,PHU Spec-1,10.116.123.149,Offline,01/04/2023 16:45:47,128
1101,4160,4,Frank Noack,Warning,Lane-1 Disp-3,10.122.123.170,Offline,04/12/2023 16:05:40,31
1103,5214,4,Terri Osborne,Warning,Inside DMB-2,10.116.123.227,Offline,04/18/2023 16:08:27,25
1103,5214,4,Terri Osborne,Warning,Inside DMB-4,10.116.123.229,Offline,04/18/2023 16:08:27,25
1104,5435,4,Scott Atkins,Warning,Inside DMB-1,10.116.124.2,Offline,05/09/2023 16:08:50,4
1105,5747,4,Dana Rogers,Warning,PHU Main-1,10.116.124.42,Offline,04/28/2023 16:05:31,15
1105,5747,4,Dana Rogers,Warning,Lane-1 Canopy,10.122.124.38,Offline,05/01/2023 16:32:06,11
1107,6186,4,Greg Artis,Warning,VF-1,10.115.124.125,Offline,01/30/2023 16:27:01,102
1108,6489,4,Dana Rogers,Warning,Lane-1 Disp-3,10.122.124.138,Offline,10/04/2022 16:30:23,220
1110,7751,4,Terri Osborne,Warning,PHU Spec-1,10.116.124.213,Offline,05/07/2023 15:33:33,5
1111,7994,4,Jeff Nerlinger,Warning,Inside DMB-2,10.116.124.227,Offline,05/09/2023 16:09:07,4
1111,7994,4,Jeff Nerlinger,Warning,KC-3,10.115.124.242,Offline,05/04/2023 16:10:39,9
1112,8134,4,Greg Artis,Warning,POS-1,10.115.125.3,Offline,04/11/2023 16:33:38,31
1112,8134,4,Greg Artis,Warning,KC-2,10.115.125.17,Offline,05/09/2023 16:14:19,4
1112,8134,4,Greg Artis,Warning,VF-1,10.115.125.27,Offline,04/11/2023 16:33:38,31
1114,8399,4,Greg Artis,Warning,PHU Main-2,10.116.125.75,Offline,04/01/2023 16:07:49,42
1116,8528,4,Frank Noack,Warning,PHU Main-1,10.116.125.138,Offline,05/10/2023 16:34:03,2
1117,8738,4,Dana Rogers,Warning,POS-1,10.115.125.163,Offline,05/09/2023 16:11:59,4
1122,10898,1,Gary Trump,Warning,Lane-1 Disp-1,10.122.126.72,Offline,11/29/2022 16:27:41,164
1123,11164,4,Scott Atkins,Warning,Inside DMB-4,10.116.126.101,Offline,04/24/2023 16:36:50,18
1123,11164,4,Scott Atkins,Warning,POS-1,10.115.126.99,Offline,02/23/2023 16:37:01,78
1123,11164,4,Scott Atkins,Warning,VF-1,10.115.126.125,Offline,02/23/2023 16:37:01,78
1127,12123,4,Jeff Nerlinger,Warning,Chef,10.116.126.244,Offline,05/10/2023 16:34:40,2
1129,12481,4,Frank Noack,Warning,Inside DMB-4,10.116.127.37,Offline,04/17/2023 16:10:55,26
1129,12481,4,Frank Noack,Warning,KC-2,10.115.127.49,Offline,02/01/2023 16:35:33,100
1132,13161,4,Jeff Nerlinger,Warning,POS-6,10.115.127.136,Offline,04/23/2023 16:35:30,19
1135,14346,4,Greg Artis,Warning,Inside DMB-4,10.116.127.229,Offline,05/06/2022 16:39:52,371
1136,16831,4,Scott Atkins,Warning,Chef,10.116.128.20,Offline,04/20/2023 16:35:24,22
1136,16831,4,Scott Atkins,Warning,POS-1,10.115.128.3,Offline,04/17/2023 16:10:49,26
1136,16831,4,Scott Atkins,Warning,VF-1,10.115.128.25,Offline,04/17/2023 16:10:49,26
1140,24997,14,Patricia Lawson,Warning,POS-4,10.115.130.198,Offline,05/12/2023 15:33:41,0
1140,24997,14,Patricia Lawson,Warning,VF-4,10.115.130.221,Offline,05/12/2023 15:33:41,0
1141,24754,1,Bonnie Kurtz,Warning,OCU-1,10.122.130.233,Offline,03/03/2023 18:10:58,70
1144,25314,4,Terri Osborne,Warning,Inside DMB-1,10.116.131.66,Offline,04/19/2023 16:38:15,23
1145,26103,11,Tyler Hedinger,Warning,PHU Main-2,10.116.131.107,Offline,05/12/2023 16:10:58,1
1147,25053,8,Andrew Smith,Warning,PHU Spec-2,10.116.131.182,Offline,02/15/2023 16:12:12,87
1148,24945,5,Deborah Boskee,Warning,Chef,10.116.131.212,Offline,04/30/2023 16:13:52,13
1152,633,10,Robin Cook,Warning,POS-1,10.115.128.163,Offline,05/10/2023 16:34:07,2
1153,2008,10,Steven Mahapat,Warning,Lane-1 Disp-3,10.122.128.202,Offline,04/14/2023 16:11:49,29
1156,2596,10,Steven Mahapat,Warning,Chef,10.116.129.52,Offline,04/18/2023 16:10:16,25
1158,5425,10,Robin Cook,Warning,PHU Main-1,10.116.129.106,Offline,05/12/2023 16:05:04,1
1159,6452,10,Richard Walsh,Warning,PHU Main-1,10.116.129.138,Offline,04/12/2023 16:07:44,31
1159,6452,10,Richard Walsh,Warning,KC-3,10.115.129.146,Offline,Unknown,Unknown
1160,8311,10,Robin Cook,Warning,Inside DMB-3,10.116.129.164,Offline,03/27/2023 16:10:29,47
1160,8311,10,Robin Cook,Warning,Lane-1 Disp-3,10.122.129.170,Offline,12/23/2022 16:10:55,141
1161,9986,10,Richard Walsh,Warning,Inside DMB-1,10.116.129.194,Offline,04/18/2023 16:09:34,25
1161,9986,10,Richard Walsh,Warning,Inside DMB-2,10.116.129.195,Offline,05/04/2023 16:09:48,9
1162,10846,10,Roger Gomez,Warning,VF-1,10.115.129.249,Offline,03/19/2023 16:12:14,55
1163,11387,10,Roger Gomez,Warning,Lane-1 Disp-1,10.122.130.8,Offline,04/27/2023 16:30:13,15
1164,11929,10,Steven Mahapat,Warning,KC-3,10.115.130.50,Offline,04/11/2023 16:30:52,31
1165,12082,10,Steven Mahapat,Warning,POS-6,10.115.130.72,Offline,05/12/2023 16:07:23,1
1166,12927,10,Steven Mahapat,Warning,Drive-Thru Director,10.116.130.112,Offline,05/12/2023 16:06:18,1
1166,12927,10,Steven Mahapat,Warning,Inside DMB-3,10.116.130.100,Offline,05/07/2023 16:35:22,5
1166,12927,10,Steven Mahapat,Warning,Inside DMB-4,10.116.130.101,Offline,05/07/2023 16:35:22,5
1167,13701,10,Richard Walsh,Warning,KC-8,10.115.130.151,Offline,05/09/2023 16:13:36,4
1173,2819,2,Shannon Furman,Warning,Inside DMB-2,10.122.132.99,Offline,12/13/2022 16:10:33,151
1177,25824,4,Scott Atkins,Warning,Chef,10.116.133.212,Offline,05/02/2023 16:13:52,11
1177,25824,4,Scott Atkins,Warning,Lane-1 Disp-1,10.122.133.200,Offline,05/06/2023 16:37:44,6
1179,27011,7,Danielle Tate,Warning,KC-8,10.115.139.119,Offline,11/26/2021 13:55:12,533
1182,26703,4,Dana Rogers,Warning,Lane-1 Disp-3,10.122.139.202,Offline,01/24/2023 16:43:27,108
1184,27070,11,Joseph Leuthold,Warning,PHU Main-2,10.116.162.139,Offline,04/12/2023 16:17:14,31
1184,27070,11,Joseph Leuthold,Warning,Lane-1 Disp-3,10.122.162.138,Offline,05/06/2023 16:43:41,6
1190,1640,5,Ramakrishna Daduvai,Warning,Inside DMB-3,10.116.134.4,Offline,03/24/2023 18:09:59,49
1190,1640,5,Ramakrishna Daduvai,Warning,OCU-1,10.122.134.9,Offline,02/24/2023 16:36:03,77
1191,4724,5,Ramakrishna Daduvai,Warning,PHU Spec-1,10.116.134.53,Offline,04/22/2023 16:14:02,21
1191,4724,5,Ramakrishna Daduvai,Warning,PHU Spec-2,10.116.134.54,Offline,05/11/2023 16:14:37,2
1191,4724,5,Ramakrishna Daduvai,Warning,KC-2,10.115.134.49,Offline,09/19/2020 13:09:28,966
1192,27033,11,Stephanie Lenoir,Warning,PHU Main-1,10.116.141.202,Offline,05/11/2023 16:19:56,2
1193,27257,1,Todd Grasee,Warning,POS-8,10.115.162.170,Offline,03/27/2023 16:35:26,47
1195,27049,8,Connie Dicus,Warning,Lane-1 Disp-1,10.122.162.232,Offline,02/11/2023 16:18:19,91
1197,27216,1,Gregg Courtemanche,Warning,PHU Spec-1,10.116.163.21,Offline,08/14/2022 16:41:28,271
1202,411,6,Kelly Booth,Warning,POS-1,10.115.134.99,Offline,05/05/2023 16:39:47,7
1202,411,6,Kelly Booth,Warning,POS-4,10.115.134.102,Offline,05/01/2023 16:39:33,11
1202,411,6,Kelly Booth,Warning,VF-1,10.115.134.121,Offline,11/25/2022 16:10:51,169
1203,614,6,Acey Hill,Warning,PHU Main-2,10.116.134.139,Offline,03/13/2023 16:39:10,60
1203,614,6,Acey Hill,Warning,VF-1,10.115.134.153,Offline,04/16/2023 16:17:06,27
1204,1081,6,Kelly Booth,Warning,VF-1,10.115.134.186,Offline,01/03/2023 16:20:49,130
1205,1092,6,Reva Wainwright,Warning,Inside DMB-4,10.116.134.197,Offline,04/06/2023 16:14:04,37
1205,1092,6,Reva Wainwright,Warning,VF-1,10.115.134.217,Offline,05/10/2023 16:41:20,2
1208,2108,6,Reva Wainwright,Warning,Inside DMB-3,10.116.135.36,Offline,04/01/2023 16:10:59,42
1208,2108,6,Reva Wainwright,Warning,VF-1,10.115.135.57,Offline,11/02/2022 16:30:50,191
1209,2743,6,Acey Hill,Warning,Chef,10.116.135.84,Offline,05/11/2023 16:16:28,2
1209,2743,6,Acey Hill,Warning,PHU Main-1,10.116.135.74,Offline,05/11/2023 16:16:28,2
1209,2743,6,Acey Hill,Warning,Inside DMB-4,10.116.135.69,Offline,05/09/2023 16:15:35,4
1211,2984,6,Kelly Booth,Warning,Inside DMB-4,10.116.135.133,Offline,04/01/2023 16:11:16,42
1212,3520,6,Acey Hill,Warning,PHU Main-2,10.116.135.171,Offline,05/12/2023 16:09:55,1
1218,6410,6,Acey Hill,Warning,Inside DMB-3,10.116.136.100,Offline,03/19/2023 16:16:56,55
1220,7689,6,David Turner,Warning,Lane-1 Disp-1,10.122.136.168,Offline,03/24/2023 18:12:59,49
1220,7689,6,David Turner,Warning,OCU-1,10.122.136.169,Offline,03/24/2023 18:12:59,49
1220,7689,6,David Turner,Warning,Lane-1 Disp-3,10.122.136.170,Offline,03/24/2023 18:12:59,49
1222,8150,6,Tiffanie Krch,Warning,PHU Main-1,10.116.136.234,Offline,05/10/2023 16:39:47,2
1222,8150,6,Tiffanie Krch,Warning,Lane-1 Disp-1,10.122.136.232,Offline,05/10/2023 16:39:47,2
1222,8150,6,Tiffanie Krch,Warning,OCU-1,10.122.136.233,Offline,05/10/2023 16:39:47,2
1222,8150,6,Tiffanie Krch,Warning,Lane-1 Disp-3,10.122.136.234,Offline,05/10/2023 16:39:47,2
1223,8758,6,David Turner,Warning,Inside DMB-1,10.122.137.2,Offline,05/01/2023 16:40:05,11
1223,8758,6,David Turner,Warning,Lane-2 Canopy,10.122.137.11,Offline,05/01/2023 16:40:05,11
1223,8758,6,David Turner,Warning,KC-8,10.115.137.23,Offline,10/10/2022 16:09:44,215
1223,8758,6,David Turner,Warning,VF-1,10.115.137.27,Offline,05/03/2022 16:07:40,375
1224,9178,6,Kelly Booth,Warning,PHU Main-2,10.116.137.43,Offline,05/12/2023 16:08:56,1
1224,9178,6,Kelly Booth,Warning,PHU Spec-1,10.116.137.53,Offline,03/24/2023 18:39:20,49
1227,10451,6,Acey Hill,Warning,PHU Spec-1,10.116.137.149,Offline,05/12/2023 16:09:24,1
1227,10451,6,Acey Hill,Warning,PHU Spec-2,10.116.137.150,Offline,05/12/2023 16:09:24,1
1229,12277,6,Tiffanie Krch,Warning,PHU Main-1,10.116.137.202,Offline,05/12/2023 16:08:42,1
1229,12277,6,Tiffanie Krch,Warning,Lane-1 Disp-3,10.122.137.202,Offline,11/24/2022 16:19:02,170
1229,12277,6,Tiffanie Krch,Warning,KC-5,10.115.137.212,Offline,03/08/2023 17:32:36,65
1230,12503,6,David Turner,Warning,PHU Main-2,10.116.137.235,Offline,01/16/2023 15:34:39,116
1231,12782,6,Reva Wainwright,Warning,Inside DMB-3,10.116.138.4,Offline,03/20/2023 16:39:24,53
1232,239,9,Sandra Dawson,Warning,POS-1,10.115.138.35,Offline,02/11/2023 16:16:16,91
1232,239,9,Sandra Dawson,Warning,VF-1,10.115.138.57,Offline,02/11/2023 16:16:16,91
1235,6998,9,Debra Smith,Warning,Chef,10.116.138.148,Offline,04/10/2023 16:34:38,32
1236,9223,9,Debra Smith,Warning,PHU Main-1,10.116.138.170,Offline,04/20/2023 16:42:18,22
1237,11170,9,Sandra Dawson,Warning,Lane-1 Disp-1,10.122.138.200,Offline,04/30/2023 16:17:48,13
1239,14410,9,Debra Smith,Warning,Lane-1 Disp-1,10.122.139.8,Offline,04/27/2023 16:35:23,15
1240,17556,9,Sandra Dawson,Warning,PHU Main-2,10.116.139.43,Offline,03/10/2023 15:33:55,63
1240,17556,9,Sandra Dawson,Warning,PHU Spec-2,10.116.139.54,Offline,12/16/2022 15:33:27,147
1240,17556,9,Sandra Dawson,Warning,Inside DMB-3,10.116.139.36,Offline,04/23/2023 15:33:48,19
1241,23171,9,Sandra Dawson,Warning,PHU Spec-2,10.116.139.86,Offline,05/10/2023 16:40:34,2
1242,27805,11,Steven Sanders,Warning,Lane-2 Disp-1,10.122.164.109,Offline,07/06/2022 16:32:21,311
1244,1887,1,Jamie Regan,Warning,Inside DMB-4,10.116.163.101,Offline,05/09/2023 16:20:28,4
1245,27515,14,Shauel Duggan,Warning,OCU-2,10.122.163.174,Offline,04/05/2023 16:56:18,37
1248,2441,2,Eric Rumpf,Warning,Lane-1 Disp-3,10.122.164.10,Offline,05/01/2023 16:58:49,11
1253,8621,10,Roger Gomez,Warning,OCU-1,10.122.140.41,Offline,12/12/2022 16:34:59,151
1254,8849,10,Richard Walsh,Warning,PHU Main-1,10.116.140.74,Offline,04/26/2023 16:35:13,16
1254,8849,10,Richard Walsh,Warning,Inside DMB-2,10.116.140.67,Offline,05/03/2023 17:57:43,9
1254,8849,10,Richard Walsh,Warning,Lane-1 Disp-3,10.122.140.74,Offline,03/06/2023 18:47:59,67
1257,11007,10,Eric Modugno,Warning,Chef,10.116.140.180,Offline,04/29/2023 16:18:49,14
1257,11007,10,Eric Modugno,Warning,VF-1,10.115.140.185,Offline,05/02/2023 16:19:42,11
1258,12380,10,Richard Walsh,Critical,VF-4,10.115.140.219,Offline,04/29/2023 16:19:52,14
1260,13371,10,Eric Modugno,Warning,PHU Main-1,10.116.141.10,Offline,04/04/2023 16:18:35,39
1260,13371,10,Eric Modugno,Warning,VF-6,10.115.141.29,Offline,05/12/2023 16:13:00,1
1261,13565,10,Eric Modugno,Warning,Inside DMB-3,10.116.141.36,Offline,04/17/2023 16:19:12,26
1266,28852,14,Shauel Duggan,Warning,Inside DMB-1,10.122.165.194,Offline,03/09/2023 17:36:45,64
1267,29312,9,Debra Smith,Warning,PHU Main-2,10.116.168.107,Offline,05/12/2023 16:28:31,1
1269,29363,4,James Pickett,Warning,KC-1,10.115.168.176,Offline,03/31/2023 16:58:33,42
1270,30169,10,Steven Mahapat,Warning,PHU Spec-1,10.116.168.213,Offline,11/17/2022 16:50:48,176
1404,5790,5,Aaron Courter,Warning,Lane-1 Disp-1,10.122.166.72,Offline,05/12/2023 16:27:26,1
1405,6389,5,Patrick Daley,Warning,Lane-1 Disp-3,10.122.166.106,Offline,05/11/2023 16:37:52,2
1406,6485,5,Patrick Daley,Warning,PHU Main-1,10.116.166.138,Offline,05/09/2023 16:36:48,4
1406,6485,5,Patrick Daley,Warning,PHU Main-2,10.116.166.139,Offline,05/08/2023 17:02:45,4
1406,6485,5,Patrick Daley,Warning,PHU Spec-2,10.116.166.150,Offline,05/09/2023 16:36:48,4
1406,6485,5,Patrick Daley,Warning,Inside DMB-2,10.116.166.131,Offline,03/19/2023 16:37:37,55
1406,6485,5,Patrick Daley,Warning,Inside DMB-4,10.116.166.133,Offline,05/12/2023 16:27:29,1
1406,6485,5,Patrick Daley,Warning,Lane-1 Disp-3,10.122.166.138,Offline,05/12/2023 16:27:29,1
1406,6485,5,Patrick Daley,Warning,KC-2,10.115.166.145,Offline,06/01/2022 16:28:31,346
1406,6485,5,Patrick Daley,Warning,KC-3,10.115.166.146,Offline,04/24/2023 17:04:59,18
1407,7060,5,Patrick Daley,Warning,Lane-1 Disp-3,10.122.166.170,Offline,02/21/2023 16:58:28,80
1407,7060,5,Patrick Daley,Critical,POS-3,10.115.166.165,Offline,05/09/2023 16:38:44,4
1408,8203,5,Aaron Courter,Warning,PHU Main-1,10.116.166.202,Offline,05/12/2023 16:27:35,1
1408,8203,5,Aaron Courter,Warning,Inside DMB-4,10.116.166.197,Offline,04/25/2023 17:03:53,17
1411,9713,5,Aaron Courter,Warning,PHU Main-2,10.116.167.43,Offline,05/12/2023 16:27:44,1
1412,10436,5,Aaron Courter,Warning,Lane-2 Disp-1,10.122.167.77,Offline,04/04/2023 16:36:27,39
1412,10436,5,Aaron Courter,Warning,OCU-2,10.122.167.78,Offline,04/04/2023 16:36:27,39
1412,10436,5,Aaron Courter,Critical,VF-6,10.115.167.93,Offline,03/23/2023 17:03:53,50
1413,12945,5,Patrick Daley,Warning,Lane-1 Disp-3,10.122.167.106,Offline,06/26/2022 16:34:44,321
1413,12945,5,Patrick Daley,Warning,POS-1,10.115.167.99,Offline,05/01/2023 17:03:54,11
1413,12945,5,Patrick Daley,Warning,VF-1,10.115.167.121,Offline,05/01/2023 17:03:54,11
1415,4360,5,Dharmesh Patel,Warning,Lane-1 Disp-3,10.122.167.202,Offline,04/22/2023 16:37:47,21
1416,5055,5,Laura Smith,Warning,POS-6,10.115.167.232,Offline,02/22/2023 17:01:08,79
1416,5055,5,Laura Smith,Warning,VF-6,10.115.167.253,Offline,04/08/2023 16:33:35,35
1417,10528,5,Laura Smith,Warning,PHU Spec-1,10.116.168.21,Offline,05/12/2023 16:28:27,1
1417,10528,5,Laura Smith,Warning,PHU Spec-2,10.116.168.22,Offline,05/12/2023 16:28:27,1
1417,10528,5,Laura Smith,Warning,POS-6,10.115.168.8,Offline,05/12/2023 16:29:30,1
1417,10528,5,Laura Smith,Warning,VF-6,10.115.168.29,Offline,05/12/2023 16:29:30,1
1418,11789,5,Dharmesh Patel,Warning,PHU Spec-1,10.116.168.53,Offline,08/08/2022 16:58:26,277
1418,11789,5,Dharmesh Patel,Warning,PHU Spec-2,10.116.168.54,Offline,02/28/2023 16:59:55,73
1418,11789,5,Dharmesh Patel,Critical,VF-6,10.115.168.59,Offline,05/11/2023 16:40:21,2
1502,1213,13,Dominique Goodman,Warning,PHU Spec-1,10.116.162.85,Offline,05/12/2023 16:21:21,1
1502,1213,13,Dominique Goodman,Warning,PHU Spec-2,10.116.162.86,Offline,05/12/2023 16:21:21,1
1504,1603,13,Denise Schoen,Warning,PHU Spec-2,10.116.141.246,Offline,03/12/2023 16:51:38,61
1505,2025,14,David Fine,Warning,Chef,10.116.142.20,Offline,05/07/2023 16:48:30,5
1505,2025,14,David Fine,Warning,VF-1,10.115.142.25,Offline,05/12/2023 16:18:46,1
1508,2233,13,Audrey Cain,Warning,VF-1,10.115.142.123,Offline,04/09/2023 15:47:01,33
1509,3321,13,Scott Porter,Warning,PHU Spec-2,10.116.142.150,Offline,09/28/2022 16:20:34,227
1509,3321,13,Scott Porter,Warning,VF-3,10.115.142.154,Offline,05/12/2023 15:24:10,1
1510,3362,13,Ray Beaudoin,Warning,PHU Main-2,10.116.142.171,Offline,05/12/2023 16:33:26,0
1511,3407,14,Ron Richmond,Warning,PHU Spec-2,10.116.142.214,Offline,03/28/2023 16:35:32,46
1511,3407,14,Ron Richmond,Warning,OCU-1,10.122.142.201,Offline,05/04/2023 16:36:53,9
1515,3810,13,Audrey Cain,Warning,Chef,10.116.143.84,Offline,05/09/2023 16:28:02,4
1515,3810,13,Audrey Cain,Warning,PHU Main-1,10.116.143.74,Offline,05/09/2023 16:28:02,4
1515,3810,13,Audrey Cain,Warning,PHU Spec-1,10.116.143.85,Offline,05/07/2023 16:51:12,5
1515,3810,13,Audrey Cain,Warning,Lane-1 Disp-3,10.122.143.74,Offline,03/25/2023 16:27:41,49
1516,3860,13,Scott Porter,Warning,PHU Main-2,10.116.143.107,Offline,05/12/2023 16:20:47,1
1516,3860,13,Scott Porter,Warning,Lane-1 Disp-3,10.122.143.106,Offline,03/08/2023 19:08:57,65
1516,3860,13,Scott Porter,Critical,POS-3,10.115.143.101,Offline,05/08/2023 15:56:18,4
1516,3860,13,Scott Porter,Warning,VF-3,10.115.143.122,Offline,05/08/2023 15:56:18,4
1518,3979,13,Scott Porter,Warning,PHU Spec-1,10.116.143.181,Offline,02/10/2023 16:49:13,91
1518,3979,13,Scott Porter,Warning,Inside DMB-4,10.116.143.165,Offline,05/06/2023 16:51:17,6
1522,4716,13,Ray Beaudoin,Warning,PHU Main-1,10.116.144.42,Offline,05/09/2023 16:28:41,4
1522,4716,13,Ray Beaudoin,Warning,PHU Main-2,10.116.144.43,Offline,05/12/2023 16:20:29,1
1523,4945,7,Victoria Wade,Warning,PHU Spec-1,10.116.144.85,Offline,05/12/2023 16:12:54,1
1523,4945,7,Victoria Wade,Warning,PHU Spec-2,10.116.144.86,Offline,05/12/2023 16:12:54,1
1524,5062,13,Kashunna Bright,Warning,PHU Main-1,10.116.144.106,Offline,Unknown,Unknown
1524,5062,13,Kashunna Bright,Warning,PHU Main-2,10.116.144.107,Offline,05/10/2023 16:54:01,2
1524,5062,13,Kashunna Bright,Warning,OCU-1,10.122.144.105,Offline,05/08/2023 16:56:43,4
1525,5202,13,Missy Sherrod,Warning,Lane-1 Disp-3,10.122.144.138,Offline,05/11/2023 16:32:33,2
1525,5202,13,Missy Sherrod,Warning,VF-1,10.115.144.153,Offline,05/02/2023 15:33:09,11
1526,5430,7,Victoria Wade,Warning,PHU Main-1,10.116.144.170,Offline,04/19/2023 16:49:05,23
1529,5635,14,Patricia Lawson,Warning,Inside DMB-2,10.116.145.3,Offline,03/01/2023 18:38:30,72
1530,5659,13,Missy Sherrod,Warning,PHU Main-1,10.116.145.42,Offline,03/26/2022 15:33:45,412
1530,5659,13,Missy Sherrod,Warning,PHU Main-2,10.116.145.43,Offline,Unknown,Unknown
1530,5659,13,Missy Sherrod,Warning,POS-4,10.115.145.38,Offline,05/11/2023 15:46:55,1
1530,5659,13,Missy Sherrod,Warning,VF-1,10.115.145.59,Offline,05/11/2023 15:46:55,1
1531,5717,6,Jeremiah Smith,Warning,PHU Main-1,10.116.145.74,Offline,05/12/2023 16:13:32,1
1531,5717,6,Jeremiah Smith,Warning,PHU Main-2,10.116.145.75,Offline,05/12/2023 16:13:32,1
1531,5717,6,Jeremiah Smith,Warning,PHU Spec-1,10.116.145.85,Offline,05/10/2023 16:44:17,2
1533,6215,14,Ron Richmond,Warning,Chef,10.116.145.148,Offline,04/27/2023 16:40:18,15
1533,6215,14,Ron Richmond,Warning,KC-2,10.115.145.145,Offline,05/10/2023 15:46:53,2
1534,6430,13,Audrey Cain,Critical,POS-3,10.115.145.165,Offline,04/21/2023 15:29:38,22
1535,6477,7,Victoria Wade,Warning,Chef,10.116.145.212,Offline,04/23/2023 16:43:55,19
1535,6477,7,Victoria Wade,Warning,PHU Main-2,10.116.145.203,Offline,05/01/2023 16:43:41,11
1535,6477,7,Victoria Wade,Warning,PHU Spec-1,10.116.145.213,Offline,05/12/2023 16:12:34,1
1536,6478,13,Missy Sherrod,Warning,Chef,10.116.145.244,Offline,04/04/2023 16:31:43,39
1538,6596,13,Natasha Madison,Warning,Chef,10.116.146.52,Offline,12/22/2022 16:30:12,142
1538,6596,13,Natasha Madison,Warning,PHU Spec-2,10.116.146.54,Offline,05/12/2023 16:21:41,1
1538,6596,13,Natasha Madison,Warning,Inside DMB-4,10.116.146.37,Offline,09/16/2022 16:52:02,238
1539,6714,6,Jeremiah Smith,Warning,PHU Main-2,10.116.146.75,Offline,03/08/2023 17:38:58,65
1540,7179,13,Denise Schoen,Warning,PHU Main-1,10.116.146.106,Offline,05/10/2023 15:33:35,2
1541,7206,13,Natasha Madison,Warning,PHU Spec-1,10.116.146.149,Offline,05/10/2023 16:54:39,2
1541,7206,13,Natasha Madison,Warning,Inside DMB-2,10.116.146.131,Offline,05/12/2023 16:22:59,1
1543,7349,13,John Mark Johnson,Warning,Chef,10.116.146.212,Offline,11/18/2022 16:40:53,175
1544,7463,13,Dominique Goodman,Warning,Inside DMB-2,10.116.146.227,Offline,05/07/2023 16:51:21,5
1544,7463,13,Dominique Goodman,Warning,Inside DMB-3,10.116.146.228,Offline,05/09/2023 16:28:11,4
1545,7721,13,Natasha Madison,Warning,PHU Main-2,10.116.147.11,Offline,Unknown,Unknown
1545,7721,13,Natasha Madison,Warning,PHU Spec-2,10.116.147.22,Offline,01/13/2023 16:52:13,119
1546,7811,13,John Mark Johnson,Warning,VF-3,10.115.147.59,Offline,04/01/2023 15:18:19,42
1547,8050,13,Kevin Jamison,Warning,PHU Main-1,10.116.147.74,Offline,05/04/2023 16:31:38,9
1547,8050,13,Kevin Jamison,Warning,PHU Spec-2,10.116.147.86,Offline,11/10/2022 16:23:51,184
1547,8050,13,Kevin Jamison,Warning,KC-3,10.115.147.82,Offline,04/18/2023 15:32:34,25
1549,8317,13,Denise Schoen,Warning,KC-5,10.115.147.148,Offline,12/03/2022 15:26:52,161
1551,8760,13,Dominique Goodman,Warning,PHU Main-2,10.116.147.203,Offline,03/13/2023 16:58:03,60
1551,8760,13,Dominique Goodman,Warning,PHU Spec-2,10.116.147.214,Offline,04/24/2023 16:57:56,18
1552,8926,13,Diksie Jamison,Warning,Chef,10.116.147.244,Offline,05/09/2023 16:33:34,4
1552,8926,13,Diksie Jamison,Warning,PHU Main-2,10.116.147.235,Offline,04/22/2023 16:33:39,21
1553,9000,13,Natasha Madison,Warning,Inside DMB-4,10.116.148.5,Offline,04/28/2023 16:20:48,15
1554,9002,13,Kashunna Bright,Warning,PHU Spec-2,10.116.148.54,Offline,05/10/2023 16:55:08,2
1554,9002,13,Kashunna Bright,Warning,KC-3,10.115.148.50,Offline,05/08/2023 15:59:00,4
1556,9221,13,Denise Schoen,Warning,PHU Main-1,10.116.148.106,Offline,04/16/2023 16:27:11,27
1556,9221,13,Denise Schoen,Warning,Lane-1 Disp-1,10.122.148.104,Offline,03/27/2023 16:26:31,47
1556,9221,13,Denise Schoen,Warning,OCU-1,10.122.148.105,Offline,03/27/2023 16:26:31,47
1556,9221,13,Denise Schoen,Warning,Lane-1 Disp-3,10.122.148.106,Offline,03/27/2023 16:26:31,47
1558,9264,13,Sarita Ruffin,Warning,PHU Main-2,10.116.148.171,Offline,05/11/2023 16:24:53,2
1558,9264,13,Sarita Ruffin,Warning,PHU Spec-2,10.116.148.182,Offline,11/23/2022 16:37:55,170
1558,9264,13,Sarita Ruffin,Warning,KC-4,10.115.148.179,Offline,09/24/2021 17:19:43,595
1559,9453,7,Victoria Wade,Warning,PHU Main-1,10.116.148.202,Offline,04/28/2023 16:15:57,15
1559,9453,7,Victoria Wade,Warning,PHU Spec-1,10.116.148.213,Offline,05/12/2023 16:12:44,1
1559,9453,7,Victoria Wade,Warning,PHU Spec-2,10.116.148.214,Offline,05/12/2023 16:12:44,1
1560,9679,14,Brittany Loshbough,Warning,Lane-1 Disp-1,10.122.148.232,Offline,04/01/2023 16:17:51,42
1562,9705,7,Victoria Wade,Warning,KC-2,10.115.149.49,Offline,04/01/2022 16:06:10,407
1564,9909,6,Jeremiah Smith,Warning,Lane-1 Disp-1,10.122.149.104,Offline,Unknown,Unknown
1566,9977,14,Shauel Duggan,Warning,POS-1,10.115.149.163,Offline,04/08/2023 16:23:01,35
1566,9977,14,Shauel Duggan,Warning,VF-1,10.115.149.185,Offline,04/08/2023 16:23:01,35
1567,9992,13,Kashunna Bright,Warning,PHU Main-2,10.116.149.203,Offline,05/11/2023 16:32:59,2
1567,9992,13,Kashunna Bright,Warning,PHU Spec-1,10.116.149.213,Offline,05/11/2023 16:32:59,2
1567,9992,13,Kashunna Bright,Warning,PHU Spec-2,10.116.149.214,Offline,Unknown,Unknown
1567,9992,13,Kashunna Bright,Warning,OCU-1,10.122.149.201,Offline,04/06/2023 18:33:33,36
1567,9992,13,Kashunna Bright,Warning,POS-2,10.115.149.196,Offline,05/11/2023 15:34:31,2
1567,9992,13,Kashunna Bright,Warning,KC-7,10.115.149.214,Offline,05/11/2023 15:34:31,2
1567,9992,13,Kashunna Bright,Warning,VF-4,10.115.149.219,Offline,05/12/2023 15:25:08,1
1568,10304,13,John Mark Johnson,Warning,PHU Main-2,10.116.149.235,Offline,05/10/2023 16:45:37,2
1568,10304,13,John Mark Johnson,Warning,PHU Spec-1,10.116.149.245,Offline,01/09/2023 16:24:23,124
1570,10395,14,John Short,Warning,BOH,,Offline,05/08/2023 12:08:30,5
1571,10649,14,Brittany Loshbough,Warning,PHU Main-2,10.116.150.75,Offline,05/12/2023 16:15:54,1
1573,10739,13,Ray Beaudoin,Warning,Lane-1 Disp-3,10.122.150.138,Offline,03/27/2023 16:30:49,47
1576,10891,7,Victoria Wade,Warning,Inside DMB-4,10.116.150.229,Offline,04/11/2023 16:38:27,31
1577,11088,14,Angel Martin,Warning,PHU Main-1,10.116.151.10,Offline,05/12/2023 16:15:45,1
1578,11113,13,Kevin Jamison,Warning,PHU Main-1,10.116.151.42,Offline,11/29/2022 18:52:30,164
1578,11113,13,Kevin Jamison,Warning,PHU Main-2,10.116.151.43,Offline,05/11/2023 16:34:15,2
1582,11391,6,Jeremiah Smith,Warning,PHU Main-2,10.116.151.171,Offline,04/11/2023 16:38:54,31
1582,11391,6,Jeremiah Smith,Warning,PHU Spec-2,10.116.151.182,Offline,03/21/2023 16:45:37,52
1583,11457,14,Tammy Warden,Warning,Inside DMB-4,10.116.151.197,Offline,03/14/2023 16:25:45,60
1587,11637,13,Missy Sherrod,Warning,PHU Main-1,10.116.152.74,Offline,Unknown,Unknown
1587,11637,13,Missy Sherrod,Warning,PHU Spec-2,10.116.152.86,Offline,01/02/2023 16:29:18,131
1588,11655,13,Audrey Cain,Warning,Inside DMB-4,10.116.152.101,Offline,05/05/2023 16:52:47,7
1593,11846,13,Natasha Madison,Warning,Chef,10.116.153.20,Offline,02/21/2023 16:52:31,80
1593,11846,13,Natasha Madison,Warning,PHU Spec-2,10.116.153.22,Offline,03/02/2023 18:48:36,71
1595,11910,13,Kevin Jamison,Warning,Inside DMB-1,10.116.153.66,Offline,04/11/2023 16:50:44,31
1595,11910,13,Kevin Jamison,Warning,Inside DMB-4,10.116.153.69,Offline,04/11/2023 16:50:44,31
1595,11910,13,Kevin Jamison,Warning,POS-2,10.115.153.68,Offline,05/12/2023 15:25:34,1
1596,11920,13,John Mark Johnson,Warning,PHU Main-2,10.116.153.107,Offline,05/12/2023 16:24:00,1
1597,11934,13,Natasha Madison,Warning,PHU Spec-2,10.116.153.150,Offline,05/12/2023 16:18:05,1
1597,11934,13,Natasha Madison,Warning,Lane-1 Disp-3,10.122.153.138,Offline,05/07/2023 16:49:24,6
1597,11934,13,Natasha Madison,Warning,VF-3,10.115.153.154,Offline,02/04/2023 15:49:36,98
1598,11950,14,Tom Barlow,Warning,Chef,10.116.153.180,Offline,05/02/2023 16:32:43,11
1598,11950,14,Tom Barlow,Warning,PHU Spec-2,10.116.153.182,Offline,01/09/2023 16:35:07,124
1598,11950,14,Tom Barlow,Warning,POS-1,10.115.153.163,Offline,03/02/2023 17:50:59,71
1598,11950,14,Tom Barlow,Warning,VF-1,10.115.153.185,Offline,03/02/2023 17:50:59,71
1599,12113,8,Kelly Christopher,Warning,Lane-1 Disp-3,10.122.153.202,Offline,08/14/2022 16:39:34,271
1601,12278,14,Tom Barlow,Warning,PHU Spec-1,10.116.154.21,Offline,09/29/2022 16:43:13,226
1601,12278,14,Tom Barlow,Warning,OCU-1,10.122.154.9,Offline,05/04/2023 16:34:09,9
1602,12305,13,Denise Schoen,Warning,Inside DMB-2,10.116.154.35,Offline,05/12/2023 16:20:15,1
1604,12561,13,Kashunna Bright,Warning,PHU Main-2,10.116.154.107,Offline,05/12/2023 16:22:37,1
1604,12561,13,Kashunna Bright,Warning,PHU Spec-1,10.116.154.117,Offline,04/29/2023 16:31:29,14
1604,12561,13,Kashunna Bright,Warning,PHU Spec-2,10.116.154.118,Offline,05/09/2023 16:31:22,4
1604,12561,13,Kashunna Bright,Warning,OCU-1,10.122.154.105,Offline,05/09/2023 16:31:22,4
1604,12561,13,Kashunna Bright,Warning,KC-6,10.115.154.117,Offline,02/19/2023 15:55:26,82
1606,12883,13,Sarita Ruffin,Warning,PHU Main-2,10.116.154.171,Offline,05/04/2023 16:34:30,9
1606,12883,13,Sarita Ruffin,Warning,Inside DMB-3,10.116.154.164,Offline,04/27/2023 16:50:11,15
1606,12883,13,Sarita Ruffin,Warning,Lane-1 Disp-3,10.122.154.170,Offline,12/09/2022 16:26:29,155
1607,12942,14,Sandra Cole,Warning,Inside DMB-4,10.116.154.197,Offline,04/18/2023 16:22:16,25
1608,12967,14,Angel Martin,Warning,Inside DMB-2,10.116.154.227,Offline,05/01/2023 16:45:18,11
1608,12967,14,Angel Martin,Warning,Inside DMB-4,10.116.154.229,Offline,05/01/2023 16:45:18,11
1608,12967,14,Angel Martin,Warning,OCU-1,10.122.154.233,Offline,05/12/2023 16:13:52,1
1609,13210,13,Diksie Jamison,Warning,Inside DMB-4,10.116.155.5,Offline,03/02/2023 18:46:38,71
1611,13363,14,Ron Richmond,Warning,Lane-2 Disp-1,10.122.155.77,Offline,05/05/2023 16:50:15,7
1611,13363,14,Ron Richmond,Warning,OCU-2,10.122.155.78,Offline,05/05/2023 16:50:15,7
1611,13363,14,Ron Richmond,Warning,Lane-2 Disp-3,10.122.155.79,Offline,05/05/2023 16:50:15,7
1611,13363,14,Ron Richmond,Warning,VF-3,10.115.155.91,Offline,05/07/2023 15:51:20,5
1614,15778,13,Jackie Manuel,Warning,Inside DMB-2,10.116.155.163,Offline,04/02/2023 16:46:50,40
1615,16016,13,Natasha Madison,Warning,Lane-1 Disp-1,10.122.155.200,Offline,05/12/2023 16:20:47,1
1615,16016,13,Natasha Madison,Warning,POS-2,10.115.155.196,Offline,05/04/2023 15:32:27,9
1616,16461,13,Scott Porter,Warning,PHU Spec-2,10.116.155.246,Offline,05/02/2023 16:25:50,11
1617,16595,13,Kashunna Bright,Warning,PHU Main-2,10.116.156.11,Offline,07/24/2022 16:21:20,293
1617,16595,13,Kashunna Bright,Warning,Inside DMB-2,10.116.156.3,Offline,05/09/2023 16:30:37,4
1617,16595,13,Kashunna Bright,Warning,Inside DMB-4,10.116.156.5,Offline,04/01/2023 16:24:40,42
1617,16595,13,Kashunna Bright,Warning,Lane-1 Disp-1,10.122.156.8,Offline,05/08/2023 16:56:04,4
1618,16730,14,Angel Martin,Warning,Inside DMB-3,10.116.156.36,Offline,04/30/2023 16:21:58,13
1618,16730,14,Angel Martin,Warning,Inside DMB-4,10.116.156.37,Offline,04/26/2023 16:37:35,16
1618,16730,14,Angel Martin,Critical,POS-1,10.115.156.35,C$-Failure,05/09/2023 15:23:20,4
1621,17853,13,Dominique Goodman,Warning,Chef,10.116.156.148,Offline,04/15/2023 16:32:01,28
1621,17853,13,Dominique Goodman,Warning,PHU Main-2,10.116.156.139,Offline,08/04/2022 16:42:25,282
1621,17853,13,Dominique Goodman,Warning,Inside DMB-1,10.116.156.130,Offline,04/15/2023 16:32:01,28
1621,17853,13,Dominique Goodman,Warning,Inside DMB-4,10.116.156.133,Offline,02/07/2023 16:54:35,94
1624,20483,14,David Fine,Warning,Lane-1 Disp-1,10.122.156.232,Offline,05/07/2023 16:49:04,5
1624,20483,14,David Fine,Warning,POS-1,10.115.156.227,Offline,03/05/2023 17:57:09,68
1624,20483,14,David Fine,Warning,VF-1,10.115.156.249,Offline,03/05/2023 17:57:09,68
1625,20955,13,John Mark Johnson,Warning,PHU Main-2,10.116.157.11,Offline,05/11/2023 16:27:12,2
1625,20955,13,John Mark Johnson,Warning,PHU Spec-2,10.116.157.22,Offline,04/12/2023 16:22:49,31
1625,20955,13,John Mark Johnson,Warning,POS-1,10.115.157.3,Offline,10/25/2022 15:20:35,200
1625,20955,13,John Mark Johnson,Warning,POS-6,10.115.157.8,Offline,03/20/2023 15:52:20,53
1625,20955,13,John Mark Johnson,Warning,VF-1,10.115.157.27,Offline,01/30/2023 15:43:22,102
1625,20955,13,John Mark Johnson,Warning,VF-6,10.115.157.29,Offline,03/20/2023 15:52:20,53
1628,21523,14,Angel Martin,Warning,KC-4,10.115.157.115,Offline,04/04/2023 15:21:48,39
1629,21600,13,Rhonda Smith,Warning,PHU Main-1,10.116.157.138,Offline,04/27/2023 16:51:15,15
1629,21600,13,Rhonda Smith,Warning,PHU Main-2,10.116.157.139,Offline,05/07/2023 16:58:05,5
1629,21600,13,Rhonda Smith,Warning,PHU Spec-2,10.116.157.150,Offline,Unknown,Unknown
1632,22551,13,Kevin Jamison,Warning,PHU Main-2,10.116.157.235,Offline,05/11/2023 16:31:47,2
1632,22551,13,Kevin Jamison,Warning,POS-2,10.115.157.228,Offline,09/16/2022 15:54:27,238
1633,22554,13,Kevin Jamison,Warning,Lane-2 Disp-1,10.122.158.13,Offline,03/11/2023 16:31:12,63
1633,22554,13,Kevin Jamison,Warning,OCU-2,10.122.158.14,Offline,03/11/2023 16:31:12,63
1633,22554,13,Kevin Jamison,Warning,Lane-2 Disp-3,10.122.158.15,Offline,03/11/2023 16:31:12,63
1633,22554,13,Kevin Jamison,Warning,POS-4,10.115.158.6,Offline,05/10/2023 15:56:07,2
1633,22554,13,Kevin Jamison,Warning,VF-4,10.115.158.27,Offline,05/10/2023 15:56:07,2
1634,22625,14,Shauel Duggan,Warning,KC-4,10.115.158.51,Offline,01/05/2023 17:15:25,127
1636,22728,14,Sandra Cole,Warning,Inside DMB-4,10.116.158.101,Offline,04/20/2023 16:52:13,22
1637,22793,11,Joseph Leuthold,Warning,PHU Spec-2,10.116.158.150,Offline,05/12/2023 16:14:51,1
1637,22793,11,Joseph Leuthold,Warning,Lane-2 Disp-1,10.122.158.141,Offline,04/29/2023 16:22:46,14
1637,22793,11,Joseph Leuthold,Warning,OCU-2,10.122.158.142,Offline,04/29/2023 16:22:46,14
1637,22793,11,Joseph Leuthold,Warning,Lane-2 Disp-3,10.122.158.143,Offline,04/29/2023 16:22:46,14
1638,22795,11,Joseph Leuthold,Warning,PHU Main-2,10.116.158.171,Offline,02/12/2023 16:44:14,89
1638,22795,11,Joseph Leuthold,Warning,POS-4,10.115.158.166,Offline,05/10/2023 16:47:01,2
1638,22795,11,Joseph Leuthold,Warning,VF-1,10.115.158.185,Offline,05/10/2023 16:47:01,2
1638,22795,11,Joseph Leuthold,Warning,VF-4,10.115.158.187,Offline,05/10/2023 16:47:01,2
1639,22804,13,Kevin Jamison,Warning,Lane-1 Disp-1,10.122.158.200,Offline,12/13/2022 16:33:05,151
1639,22804,13,Kevin Jamison,Warning,OCU-1,10.122.158.201,Offline,01/24/2023 16:58:54,108
1640,22812,13,Diksie Jamison,Warning,Drive-Thru Director,10.116.158.240,Offline,05/12/2023 16:33:32,0
1641,23048,13,Diksie Jamison,Warning,PHU Spec-2,10.116.159.22,Offline,05/02/2023 16:25:14,11
1641,23048,13,Diksie Jamison,Warning,POS-2,10.115.159.4,Offline,04/01/2023 15:21:06,42
1642,23068,13,Dominique Goodman,Warning,Inside DMB-3,10.116.159.36,Offline,05/01/2023 16:49:17,11
1642,23068,13,Dominique Goodman,Warning,VF-1,10.115.159.61,Offline,03/23/2023 15:51:05,50
1643,23132,13,Dominique Goodman,Warning,PHU Main-1,10.116.159.74,Offline,06/24/2022 16:56:12,322
1643,23132,13,Dominique Goodman,Warning,PHU Spec-2,10.116.159.86,Offline,05/07/2022 16:36:06,371
1645,23810,13,Sarita Ruffin,Warning,Chef,10.116.159.148,Offline,05/07/2023 16:53:31,5
1647,23955,13,Jackie Manuel,Warning,Lane-2 Disp-1,10.122.159.205,Offline,08/23/2022 16:49:25,262
1647,23955,13,Jackie Manuel,Warning,POS-6,10.115.159.200,Offline,11/16/2022 15:45:33,177
1647,23955,13,Jackie Manuel,Warning,VF-6,10.115.159.221,Offline,11/16/2022 15:45:33,177
1648,23957,13,Jackie Manuel,Warning,OCU-1,10.122.159.233,Offline,04/13/2023 16:31:53,30
1648,23957,13,Jackie Manuel,Critical,VF-6,10.115.159.253,Offline,09/21/2022 16:00:54,233
1649,23997,13,Dominique Goodman,Warning,PHU Main-2,10.116.160.11,Offline,10/08/2022 16:18:16,217
1650,24006,14,Angel Martin,Warning,Lane-2 Disp-1,10.122.160.45,Offline,09/24/2022 16:41:20,230
1650,24006,14,Angel Martin,Warning,OCU-2,10.122.160.46,Offline,09/24/2022 16:41:20,230
1650,24006,14,Angel Martin,Warning,Lane-2 Disp-3,10.122.160.47,Offline,09/24/2022 16:41:20,230
1652,24272,14,Tammy Warden,Warning,POS-2,10.115.160.100,Offline,05/01/2023 15:59:12,11
1655,24655,6,David Turner,Warning,OCU-1,10.122.160.201,Offline,05/07/2023 16:45:05,5
1656,24707,13,Rhonda Smith,Warning,PHU Main-1,10.116.160.234,Offline,04/03/2023 16:27:43,40
1656,24707,13,Rhonda Smith,Warning,POS-1,10.115.160.227,Offline,03/18/2023 15:59:24,55
1657,24712,13,Rhonda Smith,Warning,PHU Main-2,10.116.161.11,Offline,05/11/2023 16:35:29,2
1657,24712,13,Rhonda Smith,Warning,PHU Spec-2,10.116.161.22,Offline,05/11/2023 16:35:29,2
1657,24712,13,Rhonda Smith,Warning,OCU-1,10.122.161.9,Offline,04/28/2023 16:28:53,15
1658,24714,13,Rhonda Smith,Warning,Chef,10.116.161.52,Offline,03/31/2023 16:53:38,42
1658,24714,13,Rhonda Smith,Warning,PHU Main-1,10.116.161.42,Offline,03/03/2023 18:39:27,70
1658,24714,13,Rhonda Smith,Warning,POS-1,10.115.161.35,Offline,05/10/2023 15:59:13,2
1658,24714,13,Rhonda Smith,Warning,VF-1,10.115.161.59,Offline,05/10/2023 15:59:13,2
1660,24803,13,Rhonda Smith,Warning,Chef,10.116.161.116,Offline,12/30/2022 16:33:25,134
1660,24803,13,Rhonda Smith,Warning,KC-3,10.115.161.114,Offline,01/18/2021 12:59:34,845
1661,24920,13,Rhonda Smith,Warning,PHU Main-1,10.116.161.138,Offline,05/09/2023 16:34:31,4
1661,24920,13,Rhonda Smith,Warning,PHU Main-2,10.116.161.139,Offline,03/31/2023 16:53:37,42
1662,25013,13,Jackie Manuel,Critical,VF-6,10.115.161.187,Offline,02/28/2023 15:54:52,73
1663,25463,11,Tyler Hedinger,Warning,Lane-1 Disp-1,10.122.161.200,Offline,03/31/2023 16:42:04,42
1663,25463,11,Tyler Hedinger,Warning,Lane-1 Disp-3,10.122.161.202,Offline,03/31/2023 16:42:04,42
1663,25463,11,Tyler Hedinger,Warning,Lane-2 Disp-1,10.122.161.205,Offline,03/31/2023 16:42:04,42
1663,25463,11,Tyler Hedinger,Warning,OCU-2,10.122.161.206,Offline,03/31/2023 16:42:04,42
1663,25463,11,Tyler Hedinger,Warning,Lane-2 Disp-3,10.122.161.207,Offline,03/31/2023 16:42:04,42
1664,25839,13,Missy Sherrod,Warning,PHU Main-1,10.116.161.234,Offline,08/09/2022 16:19:32,277
1664,25839,13,Missy Sherrod,Warning,Drive-Thru Director,10.116.161.240,Offline,05/08/2023 16:48:17,4
1664,25839,13,Missy Sherrod,Warning,Lane-2 Disp-1,10.122.161.237,Offline,05/02/2023 16:22:55,11
